name,category,subcategory,text_to_embed
Aluminum,Metal,Non-Ferrous,Material Name: Aluminum. Category: Metal. Subcategory: Non-Ferrous. Formula: Al. Density: 2.7 g/cm3. Melting Point: 933.0 °C. Boiling Point: 2792.0. Thermal Conductivity: 237.0 W/m·K. Specific Heat: 897.0. Thermal Expansion: 23.1. Electrical Resistivity: 2.65e-08. Yield Strength: 35.0 MPa. Tensile Strength: 90.0 MPa. Youngs Modulus: 70.0 GPa. Hardness Vickers: 17.0. Poissons Ratio: 0.33.
Copper,Metal,Non-Ferrous,Material Name: Copper. Category: Metal. Subcategory: Non-Ferrous. Formula: Cu. Density: 8.96 g/cm3. Melting Point: 1358.0 °C. Boiling Point: 2835.0. Thermal Conductivity: 401.0 W/m·K. Specific Heat: 385.0. Thermal Expansion: 16.5. Electrical Resistivity: 1.68e-08. Yield Strength: 70.0 MPa. Tensile Strength: 220.0 MPa. Youngs Modulus: 120.0 GPa. Hardness Vickers: 35.0. Poissons Ratio: 0.34. Processing Temp Min C: 300.0. Processing Temp Max C: 400.0. Fracture Toughness: 30.0.
Iron,Metal,Ferrous,Material Name: Iron. Category: Metal. Subcategory: Ferrous. Formula: Fe. Density: 7.87 g/cm3. Melting Point: 1811.0 °C. Boiling Point: 3134.0. Thermal Conductivity: 80.0 W/m·K. Specific Heat: 449.0. Thermal Expansion: 11.8. Electrical Resistivity: 9.71e-08. Yield Strength: 80.0 MPa. Tensile Strength: 400.0 MPa. Youngs Modulus: 211.0 GPa. Hardness Vickers: 60.0. Poissons Ratio: 0.29. Processing Temp Min C: 850.0. Processing Temp Max C: 1050.0. Fracture Toughness: 6.0.
Titanium,Metal,Non-Ferrous,Material Name: Titanium. Category: Metal. Subcategory: Non-Ferrous. Formula: Ti. Density: 4.51 g/cm3. Melting Point: 1941.0 °C. Boiling Point: 3560.0. Thermal Conductivity: 21.9 W/m·K. Specific Heat: 520.0. Thermal Expansion: 8.6. Electrical Resistivity: 4.2e-07. Yield Strength: 140.0 MPa. Tensile Strength: 220.0 MPa. Youngs Modulus: 116.0 GPa. Hardness Vickers: 70.0. Poissons Ratio: 0.32. Processing Temp Min C: 800.0. Processing Temp Max C: 1000.0. Fracture Toughness: 3.5.
Nickel,Metal,Non-Ferrous,Material Name: Nickel. Category: Metal. Subcategory: Non-Ferrous. Formula: Ni. Density: 8.91 g/cm3. Melting Point: 1728.0 °C. Boiling Point: 3003.0. Thermal Conductivity: 91.0 W/m·K. Specific Heat: 444.0. Thermal Expansion: 13.4. Electrical Resistivity: 6.99e-08. Yield Strength: 59.0 MPa. Tensile Strength: 317.0 MPa. Youngs Modulus: 200.0 GPa. Hardness Vickers: 64.0. Poissons Ratio: 0.31.
Zinc,Metal,Non-Ferrous,Material Name: Zinc. Category: Metal. Subcategory: Non-Ferrous. Formula: Zn. Density: 7.13 g/cm3. Melting Point: 693.0 °C. Boiling Point: 1180.0. Thermal Conductivity: 116.0 W/m·K. Specific Heat: 388.0. Thermal Expansion: 30.2. Electrical Resistivity: 5.96e-08. Yield Strength: 37.0 MPa. Tensile Strength: 100.0 MPa. Youngs Modulus: 108.0 GPa. Hardness Vickers: 30.0. Poissons Ratio: 0.25.
Lead,Metal,Non-Ferrous,Material Name: Lead. Category: Metal. Subcategory: Non-Ferrous. Formula: Pb. Density: 11.34 g/cm3. Melting Point: 601.0 °C. Boiling Point: 2022.0. Thermal Conductivity: 35.3 W/m·K. Specific Heat: 128.0. Thermal Expansion: 28.9. Electrical Resistivity: 2.08e-07. Yield Strength: 11.0 MPa. Tensile Strength: 17.0 MPa. Youngs Modulus: 16.0 GPa. Hardness Vickers: 5.0. Poissons Ratio: 0.44.
Magnesium,Metal,Non-Ferrous,Material Name: Magnesium. Category: Metal. Subcategory: Non-Ferrous. Formula: Mg. Density: 1.74 g/cm3. Melting Point: 923.0 °C. Boiling Point: 1363.0. Thermal Conductivity: 156.0 W/m·K. Specific Heat: 1020.0. Thermal Expansion: 25.2. Electrical Resistivity: 4.39e-08. Yield Strength: 20.0 MPa. Tensile Strength: 165.0 MPa. Youngs Modulus: 45.0 GPa. Hardness Vickers: 30.0. Poissons Ratio: 0.29.
Silver,Metal,Precious,Material Name: Silver. Category: Metal. Subcategory: Precious. Formula: Ag. Density: 10.49 g/cm3. Melting Point: 1235.0 °C. Boiling Point: 2435.0. Thermal Conductivity: 429.0 W/m·K. Specific Heat: 235.0. Thermal Expansion: 18.9. Electrical Resistivity: 1.59e-08. Yield Strength: 55.0 MPa. Tensile Strength: 170.0 MPa. Youngs Modulus: 83.0 GPa. Hardness Vickers: 25.0. Poissons Ratio: 0.37.
Gold,Metal,Precious,Material Name: Gold. Category: Metal. Subcategory: Precious. Formula: Au. Density: 19.32 g/cm3. Melting Point: 1337.0 °C. Boiling Point: 3129.0. Thermal Conductivity: 318.0 W/m·K. Specific Heat: 129.0. Thermal Expansion: 14.2. Electrical Resistivity: 2.44e-08. Yield Strength: 100.0 MPa. Tensile Strength: 120.0 MPa. Youngs Modulus: 79.0 GPa. Hardness Vickers: 25.0. Poissons Ratio: 0.44.
Chromium,Metal,Refractory,Material Name: Chromium. Category: Metal. Subcategory: Refractory. Formula: Cr. Density: 7.19 g/cm3. Melting Point: 2180.0 °C. Boiling Point: 2944.0. Thermal Conductivity: 94.0 W/m·K. Specific Heat: 449.0. Thermal Expansion: 4.9. Electrical Resistivity: 1.25e-07. Yield Strength: 279.0 MPa. Tensile Strength: 418.0 MPa. Youngs Modulus: 248.0 GPa. Hardness Vickers: 1060.0. Poissons Ratio: 0.21.
Tungsten,Metal,Refractory,Material Name: Tungsten. Category: Metal. Subcategory: Refractory. Formula: W. Density: 19.25 g/cm3. Melting Point: 3695.0 °C. Boiling Point: 5828.0. Thermal Conductivity: 173.0 W/m·K. Specific Heat: 134.0. Thermal Expansion: 4.5. Electrical Resistivity: 5.28e-08. Yield Strength: 750.0 MPa. Tensile Strength: 1500.0 MPa. Youngs Modulus: 411.0 GPa. Hardness Vickers: 360.0. Poissons Ratio: 0.28. Processing Temp Min C: 1500.0. Processing Temp Max C: 1800.0. Fracture Toughness: 200.0.
Molybdenum,Metal,Refractory,Material Name: Molybdenum. Category: Metal. Subcategory: Refractory. Formula: Mo. Density: 10.28 g/cm3. Melting Point: 2896.0 °C. Boiling Point: 4912.0. Thermal Conductivity: 138.0 W/m·K. Specific Heat: 251.0. Thermal Expansion: 4.8. Electrical Resistivity: 5.34e-08. Yield Strength: 324.0 MPa. Tensile Strength: 630.0 MPa. Youngs Modulus: 329.0 GPa. Hardness Vickers: 230.0. Poissons Ratio: 0.31. Processing Temp Min C: 1200.0. Processing Temp Max C: 1500.0. Fracture Toughness: 180.0.
Platinum,Metal,Precious,Material Name: Platinum. Category: Metal. Subcategory: Precious. Formula: Pt. Density: 21.45 g/cm3. Melting Point: 2041.0 °C. Boiling Point: 4098.0. Thermal Conductivity: 72.0 W/m·K. Specific Heat: 133.0. Thermal Expansion: 8.8. Electrical Resistivity: 1.05e-07. Yield Strength: 95.0 MPa. Tensile Strength: 125.0 MPa. Youngs Modulus: 168.0 GPa. Hardness Vickers: 56.0. Poissons Ratio: 0.38.
Cobalt,Metal,Non-Ferrous,Material Name: Cobalt. Category: Metal. Subcategory: Non-Ferrous. Formula: Co. Density: 8.9 g/cm3. Melting Point: 1768.0 °C. Boiling Point: 3200.0. Thermal Conductivity: 100.0 W/m·K. Specific Heat: 421.0. Thermal Expansion: 13.0. Electrical Resistivity: 6.24e-08. Yield Strength: 276.0 MPa. Tensile Strength: 760.0 MPa. Youngs Modulus: 209.0 GPa. Hardness Vickers: 1043.0. Poissons Ratio: 0.31.
Tin,Metal,Non-Ferrous,Material Name: Tin. Category: Metal. Subcategory: Non-Ferrous. Formula: Sn. Density: 7.26 g/cm3. Melting Point: 505.0 °C. Boiling Point: 2875.0. Thermal Conductivity: 67.0 W/m·K. Specific Heat: 228.0. Thermal Expansion: 22.0. Electrical Resistivity: 1.15e-07. Yield Strength: 14.0 MPa. Tensile Strength: 23.0 MPa. Youngs Modulus: 50.0 GPa. Hardness Vickers: 5.0. Poissons Ratio: 0.36.
Vanadium,Metal,Refractory,Material Name: Vanadium. Category: Metal. Subcategory: Refractory. Formula: V. Density: 6.11 g/cm3. Melting Point: 2183.0 °C. Boiling Point: 3680.0. Thermal Conductivity: 31.0 W/m·K. Specific Heat: 489.0. Thermal Expansion: 8.4. Electrical Resistivity: 1.97e-07. Yield Strength: 220.0 MPa. Tensile Strength: 310.0 MPa. Youngs Modulus: 128.0 GPa. Hardness Vickers: 628.0. Poissons Ratio: 0.37.
Niobium,Metal,Refractory,Material Name: Niobium. Category: Metal. Subcategory: Refractory. Formula: Nb. Density: 8.57 g/cm3. Melting Point: 2750.0 °C. Boiling Point: 5017.0. Thermal Conductivity: 54.0 W/m·K. Specific Heat: 265.0. Thermal Expansion: 7.3. Electrical Resistivity: 1.52e-07. Yield Strength: 105.0 MPa. Tensile Strength: 275.0 MPa. Youngs Modulus: 105.0 GPa. Hardness Vickers: 132.0. Poissons Ratio: 0.4.
Tantalum,Metal,Refractory,Material Name: Tantalum. Category: Metal. Subcategory: Refractory. Formula: Ta. Density: 16.65 g/cm3. Melting Point: 3290.0 °C. Boiling Point: 5731.0. Thermal Conductivity: 57.0 W/m·K. Specific Heat: 140.0. Thermal Expansion: 6.3. Electrical Resistivity: 1.31e-07. Yield Strength: 170.0 MPa. Tensile Strength: 270.0 MPa. Youngs Modulus: 186.0 GPa. Hardness Vickers: 873.0. Poissons Ratio: 0.34.
Palladium,Metal,Precious,Material Name: Palladium. Category: Metal. Subcategory: Precious. Formula: Pd. Density: 12.02 g/cm3. Melting Point: 1828.0 °C. Boiling Point: 3236.0. Thermal Conductivity: 72.0 W/m·K. Specific Heat: 246.0. Thermal Expansion: 11.8. Electrical Resistivity: 1.08e-07. Yield Strength: 53.0 MPa. Tensile Strength: 180.0 MPa. Youngs Modulus: 121.0 GPa. Hardness Vickers: 37.0. Poissons Ratio: 0.39.
Beryllium,Metal,Non-Ferrous,Material Name: Beryllium. Category: Metal. Subcategory: Non-Ferrous. Formula: Be. Density: 1.85 g/cm3. Melting Point: 1560.0 °C. Boiling Point: 2742.0. Thermal Conductivity: 200.0 W/m·K. Specific Heat: 1825.0. Thermal Expansion: 11.3. Electrical Resistivity: 4e-08. Yield Strength: 240.0 MPa. Tensile Strength: 400.0 MPa. Youngs Modulus: 287.0 GPa. Hardness Vickers: 130.0. Poissons Ratio: 0.08. Processing Temp Min C: 1200.0. Processing Temp Max C: 1450.0. Fracture Toughness: 5.0.
Rhenium,Metal,Refractory,Material Name: Rhenium. Category: Metal. Subcategory: Refractory. Formula: Re. Density: 21.02 g/cm3. Melting Point: 3459.0 °C. Boiling Point: 5869.0. Thermal Conductivity: 48.0 W/m·K. Specific Heat: 138.0. Thermal Expansion: 6.7. Electrical Resistivity: 1.93e-07. Yield Strength: 290.0 MPa. Tensile Strength: 1170.0 MPa. Youngs Modulus: 463.0 GPa. Hardness Vickers: 2450.0. Poissons Ratio: 0.3.
Hafnium,Metal,Refractory,Material Name: Hafnium. Category: Metal. Subcategory: Refractory. Formula: Hf. Density: 13.31 g/cm3. Melting Point: 2506.0 °C. Boiling Point: 4876.0. Thermal Conductivity: 23.0 W/m·K. Specific Heat: 144.0. Thermal Expansion: 5.9. Electrical Resistivity: 3.31e-07. Tensile Strength: 485.0 MPa. Youngs Modulus: 141.0 GPa. Poissons Ratio: 0.37.
Zirconium,Metal,Refractory,Material Name: Zirconium. Category: Metal. Subcategory: Refractory. Formula: Zr. Density: 6.51 g/cm3. Melting Point: 2128.0 °C. Boiling Point: 4682.0. Thermal Conductivity: 22.7 W/m·K. Specific Heat: 278.0. Thermal Expansion: 5.7. Electrical Resistivity: 4.21e-07. Yield Strength: 45.0 MPa. Tensile Strength: 170.0 MPa. Youngs Modulus: 88.0 GPa. Poissons Ratio: 0.34.
Steel AISI 1020,Metal,Ferrous,Material Name: Steel AISI 1020. Category: Metal. Subcategory: Ferrous. Formula: Fe-C. Density: 7.85 g/cm3. Melting Point: 1773.0 °C. Thermal Conductivity: 51.0 W/m·K. Specific Heat: 486.0. Thermal Expansion: 12.0. Electrical Resistivity: 1.6e-07. Yield Strength: 380.0 MPa. Tensile Strength: 470.0 MPa. Youngs Modulus: 200.0 GPa. Hardness Vickers: 130.0. Poissons Ratio: 0.29.
Steel AISI 4340,Metal,Ferrous,Material Name: Steel AISI 4340. Category: Metal. Subcategory: Ferrous. Formula: Fe-Ni-Cr-Mo. Density: 7.85 g/cm3. Melting Point: 1705.0 °C. Thermal Conductivity: 44.0 W/m·K. Specific Heat: 475.0. Thermal Expansion: 12.3. Electrical Resistivity: 2.48e-07. Yield Strength: 793.0 MPa. Tensile Strength: 1000.0 MPa. Youngs Modulus: 205.0 GPa. Hardness Vickers: 300.0. Poissons Ratio: 0.29.
Stainless Steel 304,Metal,Ferrous,Material Name: Stainless Steel 304. Category: Metal. Subcategory: Ferrous. Formula: Fe-Cr-Ni. Density: 8.0 g/cm3. Melting Point: 1673.0 °C. Thermal Conductivity: 16.0 W/m·K. Specific Heat: 500.0. Thermal Expansion: 17.2. Electrical Resistivity: 7.2e-07. Yield Strength: 215.0 MPa. Tensile Strength: 505.0 MPa. Youngs Modulus: 193.0 GPa. Hardness Vickers: 129.0. Poissons Ratio: 0.29. Processing Temp Min C: 600.0. Processing Temp Max C: 800.0. Fracture Toughness: 50.0.
Stainless Steel 316,Metal,Ferrous,Material Name: Stainless Steel 316. Category: Metal. Subcategory: Ferrous. Formula: Fe-Cr-Ni-Mo. Density: 8.0 g/cm3. Melting Point: 1648.0 °C. Thermal Conductivity: 16.0 W/m·K. Specific Heat: 500.0. Thermal Expansion: 16.0. Electrical Resistivity: 7.4e-07. Yield Strength: 290.0 MPa. Tensile Strength: 580.0 MPa. Youngs Modulus: 193.0 GPa. Hardness Vickers: 170.0. Poissons Ratio: 0.27.
Stainless Steel 316L,Metal,Ferrous,Material Name: Stainless Steel 316L. Category: Metal. Subcategory: Ferrous. Formula: Fe-Cr-Ni-Mo-C. Density: 8.0 g/cm3. Melting Point: 1648.0 °C. Thermal Conductivity: 16.0 W/m·K. Specific Heat: 500.0. Thermal Expansion: 16.0. Electrical Resistivity: 7.4e-07. Yield Strength: 170.0 MPa. Tensile Strength: 485.0 MPa. Youngs Modulus: 193.0 GPa. Hardness Vickers: 150.0. Poissons Ratio: 0.27.
Duplex Steel 2205,Metal,Ferrous,Material Name: Duplex Steel 2205. Category: Metal. Subcategory: Ferrous. Formula: Fe-Cr-Ni-Mo-N. Density: 7.78 g/cm3. Melting Point: 1475.0 °C. Thermal Conductivity: 19.0 W/m·K. Specific Heat: 500.0. Thermal Expansion: 13.7. Electrical Resistivity: 8.5e-07. Yield Strength: 450.0 MPa. Tensile Strength: 620.0 MPa. Youngs Modulus: 200.0 GPa. Hardness Vickers: 290.0. Poissons Ratio: 0.3.
Brass 70Cu-30Zn,Metal,Non-Ferrous,Material Name: Brass 70Cu-30Zn. Category: Metal. Subcategory: Non-Ferrous. Formula: Cu-Zn. Density: 8.53 g/cm3. Melting Point: 1178.0 °C. Thermal Conductivity: 120.0 W/m·K. Specific Heat: 380.0. Thermal Expansion: 19.9. Electrical Resistivity: 6.2e-08. Yield Strength: 200.0 MPa. Tensile Strength: 500.0 MPa. Youngs Modulus: 105.0 GPa. Hardness Vickers: 160.0. Poissons Ratio: 0.34. Processing Temp Min C: 450.0. Processing Temp Max C: 550.0. Fracture Toughness: 25.0.
Bronze 90Cu-10Sn,Metal,Non-Ferrous,Material Name: Bronze 90Cu-10Sn. Category: Metal. Subcategory: Non-Ferrous. Formula: Cu-Sn. Density: 8.78 g/cm3. Melting Point: 1223.0 °C. Thermal Conductivity: 50.0 W/m·K. Specific Heat: 380.0. Thermal Expansion: 18.0. Electrical Resistivity: 1.3e-07. Yield Strength: 195.0 MPa. Tensile Strength: 350.0 MPa. Youngs Modulus: 110.0 GPa. Hardness Vickers: 100.0. Poissons Ratio: 0.34.
Cupronickel 90-10,Metal,Non-Ferrous,Material Name: Cupronickel 90-10. Category: Metal. Subcategory: Non-Ferrous. Formula: Cu-Ni. Density: 8.9 g/cm3. Melting Point: 1468.0 °C. Thermal Conductivity: 45.0 W/m·K. Specific Heat: 377.0. Thermal Expansion: 17.1. Electrical Resistivity: 1.9e-07. Yield Strength: 105.0 MPa. Tensile Strength: 300.0 MPa. Youngs Modulus: 150.0 GPa. Hardness Vickers: 80.0. Poissons Ratio: 0.35.
Aluminum 6061-T6,Metal,Non-Ferrous,Material Name: Aluminum 6061-T6. Category: Metal. Subcategory: Non-Ferrous. Formula: Al-Mg-Si. Density: 2.7 g/cm3. Melting Point: 855.0 °C. Thermal Conductivity: 167.0 W/m·K. Specific Heat: 896.0. Thermal Expansion: 23.6. Electrical Resistivity: 3.99e-08. Yield Strength: 276.0 MPa. Tensile Strength: 310.0 MPa. Youngs Modulus: 69.0 GPa. Hardness Vickers: 107.0. Poissons Ratio: 0.33.
Aluminum 7075-T6,Metal,Non-Ferrous,Material Name: Aluminum 7075-T6. Category: Metal. Subcategory: Non-Ferrous. Formula: Al-Zn-Mg-Cu. Density: 2.81 g/cm3. Melting Point: 750.0 °C. Thermal Conductivity: 130.0 W/m·K. Specific Heat: 960.0. Thermal Expansion: 23.4. Electrical Resistivity: 5.15e-08. Yield Strength: 503.0 MPa. Tensile Strength: 572.0 MPa. Youngs Modulus: 72.0 GPa. Hardness Vickers: 175.0. Poissons Ratio: 0.33.
Aluminum 2024-T3,Metal,Non-Ferrous,Material Name: Aluminum 2024-T3. Category: Metal. Subcategory: Non-Ferrous. Formula: Al-Cu-Mg. Density: 2.78 g/cm3. Melting Point: 911.0 °C. Thermal Conductivity: 121.0 W/m·K. Specific Heat: 875.0. Thermal Expansion: 23.2. Electrical Resistivity: 5.82e-08. Yield Strength: 345.0 MPa. Tensile Strength: 483.0 MPa. Youngs Modulus: 73.0 GPa. Hardness Vickers: 130.0. Poissons Ratio: 0.33.
Ti-6Al-4V (Grade 5),Metal,Non-Ferrous,Material Name: Ti-6Al-4V (Grade 5). Category: Metal. Subcategory: Non-Ferrous. Formula: Ti-Al-V. Density: 4.43 g/cm3. Melting Point: 1877.0 °C. Thermal Conductivity: 6.7 W/m·K. Specific Heat: 560.0. Thermal Expansion: 8.6. Electrical Resistivity: 1.71e-06. Yield Strength: 880.0 MPa. Tensile Strength: 950.0 MPa. Youngs Modulus: 114.0 GPa. Hardness Vickers: 349.0. Poissons Ratio: 0.34. Processing Temp Min C: 800.0. Processing Temp Max C: 1050.0. Fracture Toughness: 6.0.
Inconel 718,Metal,Superalloy,Material Name: Inconel 718. Category: Metal. Subcategory: Superalloy. Formula: Ni-Cr-Fe-Nb. Density: 8.19 g/cm3. Melting Point: 1609.0 °C. Thermal Conductivity: 11.2 W/m·K. Specific Heat: 435.0. Thermal Expansion: 13.0. Electrical Resistivity: 1.25e-06. Yield Strength: 1034.0 MPa. Tensile Strength: 1241.0 MPa. Youngs Modulus: 200.0 GPa. Hardness Vickers: 350.0. Poissons Ratio: 0.29.
Inconel 625,Metal,Superalloy,Material Name: Inconel 625. Category: Metal. Subcategory: Superalloy. Formula: Ni-Cr-Mo-Nb. Density: 8.44 g/cm3. Melting Point: 1623.0 °C. Thermal Conductivity: 9.8 W/m·K. Specific Heat: 410.0. Thermal Expansion: 12.8. Electrical Resistivity: 1.29e-06. Yield Strength: 415.0 MPa. Tensile Strength: 930.0 MPa. Youngs Modulus: 207.0 GPa. Hardness Vickers: 200.0. Poissons Ratio: 0.28. Processing Temp Min C: 1100.0. Processing Temp Max C: 1250.0. Fracture Toughness: 180.0.
Hastelloy C-276,Metal,Superalloy,Material Name: Hastelloy C-276. Category: Metal. Subcategory: Superalloy. Formula: Ni-Mo-Cr. Density: 8.89 g/cm3. Melting Point: 1598.0 °C. Thermal Conductivity: 10.2 W/m·K. Specific Heat: 427.0. Thermal Expansion: 11.2. Electrical Resistivity: 1.25e-06. Yield Strength: 414.0 MPa. Tensile Strength: 790.0 MPa. Youngs Modulus: 205.0 GPa. Hardness Vickers: 210.0. Poissons Ratio: 0.3. Processing Temp Min C: 1150.0. Processing Temp Max C: 1300.0. Fracture Toughness: 200.0.
Monel 400,Metal,Non-Ferrous,Material Name: Monel 400. Category: Metal. Subcategory: Non-Ferrous. Formula: Ni-Cu. Density: 8.8 g/cm3. Melting Point: 1573.0 °C. Thermal Conductivity: 21.8 W/m·K. Specific Heat: 427.0. Thermal Expansion: 13.9. Electrical Resistivity: 5.47e-07. Yield Strength: 240.0 MPa. Tensile Strength: 550.0 MPa. Youngs Modulus: 179.0 GPa. Hardness Vickers: 130.0. Poissons Ratio: 0.32.
Nitinol NiTi,Metal,Shape-Memory,Material Name: Nitinol NiTi. Category: Metal. Subcategory: Shape-Memory. Formula: Ni-Ti. Density: 6.45 g/cm3. Melting Point: 1583.0 °C. Thermal Conductivity: 8.6 W/m·K. Specific Heat: 490.0. Thermal Expansion: 11.0. Electrical Resistivity: 8.2e-07. Yield Strength: 195.0 MPa. Tensile Strength: 895.0 MPa. Youngs Modulus: 75.0 GPa. Hardness Vickers: 250.0. Poissons Ratio: 0.33.
Solder 60Sn-40Pb,Metal,Non-Ferrous,Material Name: Solder 60Sn-40Pb. Category: Metal. Subcategory: Non-Ferrous. Formula: Sn-Pb. Density: 8.52 g/cm3. Melting Point: 456.0 °C. Thermal Conductivity: 50.0 W/m·K. Specific Heat: 168.0. Thermal Expansion: 24.0. Electrical Resistivity: 1.5e-07. Tensile Strength: 60.0 MPa. Youngs Modulus: 32.0 GPa. Hardness Vickers: 14.0. Poissons Ratio: 0.4.
Cast Iron (Gray),Metal,Ferrous,Material Name: Cast Iron (Gray). Category: Metal. Subcategory: Ferrous. Formula: Fe-C-Si. Density: 7.15 g/cm3. Melting Point: 1423.0 °C. Thermal Conductivity: 51.0 W/m·K. Specific Heat: 490.0. Thermal Expansion: 10.8. Electrical Resistivity: 1e-06. Tensile Strength: 250.0 MPa. Youngs Modulus: 100.0 GPa. Hardness Vickers: 200.0. Poissons Ratio: 0.26. Processing Temp Min C: 700.0. Processing Temp Max C: 900.0. Fracture Toughness: 4.0.
Maraging Steel 300,Metal,Ferrous,Material Name: Maraging Steel 300. Category: Metal. Subcategory: Ferrous. Formula: Fe-Ni-Co-Mo. Density: 8.0 g/cm3. Melting Point: 1723.0 °C. Thermal Conductivity: 25.0 W/m·K. Specific Heat: 460.0. Thermal Expansion: 10.4. Electrical Resistivity: 6e-07. Yield Strength: 1900.0 MPa. Tensile Strength: 1965.0 MPa. Youngs Modulus: 190.0 GPa. Hardness Vickers: 600.0. Poissons Ratio: 0.3.
Alumina Al2O3 99%,Ceramic,Oxide,Material Name: Alumina Al2O3 99%. Category: Ceramic. Subcategory: Oxide. Formula: Al2O3. Density: 3.95 g/cm3. Melting Point: 2345.0 °C. Boiling Point: 3250.0. Thermal Conductivity: 30.0 W/m·K. Specific Heat: 880.0. Thermal Expansion: 8.1. Electrical Resistivity: 10000000000.0. Tensile Strength: 260.0 MPa. Youngs Modulus: 370.0 GPa. Hardness Vickers: 1500.0. Poissons Ratio: 0.22. Processing Temp Min C: 1500.0. Processing Temp Max C: 1750.0. Crystallinity: 100.0. Fracture Toughness: 6.0.
Silicon Carbide SiC,Ceramic,Carbide,Material Name: Silicon Carbide SiC. Category: Ceramic. Subcategory: Carbide. Formula: SiC. Density: 3.21 g/cm3. Melting Point: 3003.0 °C. Thermal Conductivity: 120.0 W/m·K. Specific Heat: 750.0. Thermal Expansion: 4.0. Electrical Resistivity: 10000.0. Tensile Strength: 400.0 MPa. Youngs Modulus: 410.0 GPa. Hardness Vickers: 2800.0. Poissons Ratio: 0.16. Processing Temp Min C: 1600.0. Processing Temp Max C: 1850.0. Crystallinity: 100.0. Fracture Toughness: 3.5.
Silicon Nitride Si3N4,Ceramic,Nitride,Material Name: Silicon Nitride Si3N4. Category: Ceramic. Subcategory: Nitride. Formula: Si3N4. Density: 3.19 g/cm3. Melting Point: 2173.0 °C. Thermal Conductivity: 25.0 W/m·K. Specific Heat: 700.0. Thermal Expansion: 3.2. Electrical Resistivity: 1000000000000.0. Tensile Strength: 600.0 MPa. Youngs Modulus: 300.0 GPa. Hardness Vickers: 1700.0. Poissons Ratio: 0.27. Processing Temp Min C: 1500.0. Processing Temp Max C: 1700.0. Crystallinity: 100.0. Fracture Toughness: 5.0.
Zirconia ZrO2 (Stabilized),Ceramic,Oxide,Material Name: Zirconia ZrO2 (Stabilized). Category: Ceramic. Subcategory: Oxide. Formula: ZrO2. Density: 6.05 g/cm3. Melting Point: 2988.0 °C. Thermal Conductivity: 2.0 W/m·K. Specific Heat: 400.0. Thermal Expansion: 10.5. Electrical Resistivity: 1000000000000.0. Tensile Strength: 800.0 MPa. Youngs Modulus: 210.0 GPa. Hardness Vickers: 1200.0. Poissons Ratio: 0.31. Processing Temp Min C: 1400.0. Processing Temp Max C: 1600.0. Crystallinity: 95.0. Fracture Toughness: 600.0.
Boron Carbide B4C,Ceramic,Carbide,Material Name: Boron Carbide B4C. Category: Ceramic. Subcategory: Carbide. Formula: B4C. Density: 2.52 g/cm3. Melting Point: 2763.0 °C. Thermal Conductivity: 30.0 W/m·K. Specific Heat: 950.0. Thermal Expansion: 5.0. Electrical Resistivity: 0.3. Tensile Strength: 350.0 MPa. Youngs Modulus: 450.0 GPa. Hardness Vickers: 3000.0. Poissons Ratio: 0.17. Processing Temp Min C: 1500.0. Processing Temp Max C: 1700.0. Crystallinity: 100.0. Fracture Toughness: 3.0.
Magnesia MgO,Ceramic,Oxide,Material Name: Magnesia MgO. Category: Ceramic. Subcategory: Oxide. Formula: MgO. Density: 3.58 g/cm3. Melting Point: 3098.0 °C. Boiling Point: 3873.0. Thermal Conductivity: 48.0 W/m·K. Specific Heat: 877.0. Thermal Expansion: 13.5. Electrical Resistivity: 10000000000000.0. Tensile Strength: 100.0 MPa. Youngs Modulus: 248.0 GPa. Hardness Vickers: 750.0. Poissons Ratio: 0.18.
Tungsten Carbide WC,Ceramic,Carbide,Material Name: Tungsten Carbide WC. Category: Ceramic. Subcategory: Carbide. Formula: WC. Density: 15.63 g/cm3. Melting Point: 3058.0 °C. Thermal Conductivity: 110.0 W/m·K. Specific Heat: 203.0. Thermal Expansion: 5.5. Electrical Resistivity: 2e-07. Tensile Strength: 1700.0 MPa. Youngs Modulus: 696.0 GPa. Hardness Vickers: 2400.0. Poissons Ratio: 0.24.
Aluminium Nitride AlN,Ceramic,Nitride,Material Name: Aluminium Nitride AlN. Category: Ceramic. Subcategory: Nitride. Formula: AlN. Density: 3.26 g/cm3. Melting Point: 2473.0 °C. Thermal Conductivity: 170.0 W/m·K. Specific Heat: 780.0. Thermal Expansion: 4.6. Electrical Resistivity: 100000000000.0. Tensile Strength: 300.0 MPa. Youngs Modulus: 320.0 GPa. Hardness Vickers: 1200.0. Poissons Ratio: 0.24.
Titanium Nitride TiN,Ceramic,Nitride,Material Name: Titanium Nitride TiN. Category: Ceramic. Subcategory: Nitride. Formula: TiN. Density: 5.22 g/cm3. Melting Point: 3220.0 °C. Thermal Conductivity: 19.0 W/m·K. Specific Heat: 616.0. Thermal Expansion: 9.4. Electrical Resistivity: 2.5e-07. Youngs Modulus: 600.0 GPa. Hardness Vickers: 2100.0. Poissons Ratio: 0.25.
Titania TiO2 (Rutile),Ceramic,Oxide,Material Name: Titania TiO2 (Rutile). Category: Ceramic. Subcategory: Oxide. Formula: TiO2. Density: 4.26 g/cm3. Melting Point: 2116.0 °C. Thermal Conductivity: 8.0 W/m·K. Specific Heat: 690.0. Thermal Expansion: 8.2. Electrical Resistivity: 1000000.0. Tensile Strength: 100.0 MPa. Youngs Modulus: 290.0 GPa. Hardness Vickers: 1100.0. Poissons Ratio: 0.27.
Cordierite Mg2Al4Si5O18,Ceramic,Oxide,Material Name: Cordierite Mg2Al4Si5O18. Category: Ceramic. Subcategory: Oxide. Formula: Mg2Al4Si5O18. Density: 2.51 g/cm3. Melting Point: 1733.0 °C. Thermal Conductivity: 3.5 W/m·K. Specific Heat: 790.0. Thermal Expansion: 1.5. Electrical Resistivity: 1000000000000.0. Youngs Modulus: 135.0 GPa. Poissons Ratio: 0.25.
Borosilicate Glass,Ceramic,Glass,Material Name: Borosilicate Glass. Category: Ceramic. Subcategory: Glass. Formula: SiO2-B2O3. Density: 2.23 g/cm3. Melting Point: 1098.0 °C. Thermal Conductivity: 1.2 W/m·K. Specific Heat: 830.0. Thermal Expansion: 3.3. Electrical Resistivity: 100000000.0. Tensile Strength: 60.0 MPa. Youngs Modulus: 63.0 GPa. Hardness Vickers: 520.0. Poissons Ratio: 0.2.
Fused Silica SiO2,Ceramic,Glass,Material Name: Fused Silica SiO2. Category: Ceramic. Subcategory: Glass. Formula: SiO2. Density: 2.2 g/cm3. Melting Point: 1983.0 °C. Thermal Conductivity: 1.38 W/m·K. Specific Heat: 740.0. Thermal Expansion: 0.55. Electrical Resistivity: 1e+16. Tensile Strength: 50.0 MPa. Youngs Modulus: 72.0 GPa. Hardness Vickers: 1100.0. Poissons Ratio: 0.17.
Hydroxyapatite,Ceramic,Bioceramic,Material Name: Hydroxyapatite. Category: Ceramic. Subcategory: Bioceramic. Formula: Ca10(PO4)6(OH)2. Density: 3.16 g/cm3. Melting Point: 1823.0 °C. Thermal Conductivity: 1.3 W/m·K. Specific Heat: 700.0. Thermal Expansion: 11.5. Electrical Resistivity: 10000000000.0. Tensile Strength: 40.0 MPa. Youngs Modulus: 117.0 GPa. Hardness Vickers: 600.0. Poissons Ratio: 0.28.
Silicon,Semiconductor,Elemental,Material Name: Silicon. Category: Semiconductor. Subcategory: Elemental. Formula: Si. Density: 2.33 g/cm3. Melting Point: 1687.0 °C. Boiling Point: 3538.0. Thermal Conductivity: 150.0 W/m·K. Specific Heat: 712.0. Thermal Expansion: 2.6. Electrical Resistivity: 640.0. Tensile Strength: 7000.0 MPa. Youngs Modulus: 185.0 GPa. Hardness Vickers: 1000.0. Poissons Ratio: 0.28.
Germanium,Semiconductor,Elemental,Material Name: Germanium. Category: Semiconductor. Subcategory: Elemental. Formula: Ge. Density: 5.32 g/cm3. Melting Point: 1211.0 °C. Boiling Point: 3106.0. Thermal Conductivity: 60.0 W/m·K. Specific Heat: 321.0. Thermal Expansion: 5.8. Electrical Resistivity: 0.46. Youngs Modulus: 130.0 GPa. Hardness Vickers: 692.0. Poissons Ratio: 0.26.
Gallium Arsenide GaAs,Semiconductor,III-V,Material Name: Gallium Arsenide GaAs. Category: Semiconductor. Subcategory: III-V. Formula: GaAs. Density: 5.32 g/cm3. Melting Point: 1511.0 °C. Thermal Conductivity: 46.0 W/m·K. Specific Heat: 330.0. Thermal Expansion: 6.0. Electrical Resistivity: 0.001. Youngs Modulus: 86.0 GPa. Hardness Vickers: 750.0. Poissons Ratio: 0.31.
Gallium Nitride GaN,Semiconductor,III-V,Material Name: Gallium Nitride GaN. Category: Semiconductor. Subcategory: III-V. Formula: GaN. Density: 6.15 g/cm3. Melting Point: 2773.0 °C. Thermal Conductivity: 130.0 W/m·K. Specific Heat: 490.0. Thermal Expansion: 5.6. Electrical Resistivity: 0.001. Youngs Modulus: 181.0 GPa. Hardness Vickers: 1580.0. Poissons Ratio: 0.35.
PTFE Teflon,Polymer,Fluoropolymer,Material Name: PTFE Teflon. Category: Polymer. Subcategory: Fluoropolymer. Formula: (C2F4)n. Density: 2.2 g/cm3. Melting Point: 600.0 °C. Thermal Conductivity: 0.25 W/m·K. Specific Heat: 1000.0. Thermal Expansion: 135.0. Electrical Resistivity: 1e+16. Tensile Strength: 31.0 MPa. Youngs Modulus: 0.5 GPa. Poissons Ratio: 0.46. Processing Temp Min C: 340.0. Processing Temp Max C: 380.0. Crystallinity: 95.0.
PEEK,Polymer,Thermoplastic,Material Name: PEEK. Category: Polymer. Subcategory: Thermoplastic. Formula: (C19H12O3)n. Density: 1.32 g/cm3. Melting Point: 616.0 °C. Thermal Conductivity: 0.25 W/m·K. Specific Heat: 320.0. Thermal Expansion: 47.0. Electrical Resistivity: 49000000000000.0. Yield Strength: 91.0 MPa. Tensile Strength: 100.0 MPa. Youngs Modulus: 3.6 GPa. Poissons Ratio: 0.4. Glass Transition Temp: 416.15 °C. Heat Deflection Temp: 433.15 °C. Processing Temp Min C: 360.0. Processing Temp Max C: 410.0. Crystallinity: 30.0.
Nylon 6/6 PA66,Polymer,Polyamide,Material Name: Nylon 6/6 PA66. Category: Polymer. Subcategory: Polyamide. Formula: (C12H22N2O2)n. Density: 1.14 g/cm3. Melting Point: 538.0 °C. Thermal Conductivity: 0.25 W/m·K. Specific Heat: 1700.0. Thermal Expansion: 80.0. Electrical Resistivity: 1000000000000.0. Yield Strength: 60.0 MPa. Tensile Strength: 83.0 MPa. Youngs Modulus: 3.0 GPa. Poissons Ratio: 0.4. Glass Transition Temp: 323.15 °C. Heat Deflection Temp: 343.15 °C. Processing Temp Min C: 250.0. Processing Temp Max C: 290.0. Crystallinity: 35.0.
Polycarbonate PC,Polymer,Thermoplastic,Material Name: Polycarbonate PC. Category: Polymer. Subcategory: Thermoplastic. Formula: (C15H16O2)n. Density: 1.2 g/cm3. Melting Point: 423.0 °C. Thermal Conductivity: 0.2 W/m·K. Specific Heat: 1200.0. Thermal Expansion: 65.0. Electrical Resistivity: 100000000000000.0. Yield Strength: 55.0 MPa. Tensile Strength: 65.0 MPa. Youngs Modulus: 2.6 GPa. Poissons Ratio: 0.37. Glass Transition Temp: 420.15 °C. Heat Deflection Temp: 401.15 °C. Processing Temp Min C: 260.0. Processing Temp Max C: 320.0. Crystallinity: 0.0.
Polypropylene PP,Polymer,Thermoplastic,Material Name: Polypropylene PP. Category: Polymer. Subcategory: Thermoplastic. Formula: (C3H6)n. Density: 0.9 g/cm3. Melting Point: 433.0 °C. Thermal Conductivity: 0.22 W/m·K. Specific Heat: 1700.0. Thermal Expansion: 100.0. Electrical Resistivity: 100000000000000.0. Yield Strength: 30.0 MPa. Tensile Strength: 35.0 MPa. Youngs Modulus: 1.4 GPa. Poissons Ratio: 0.42. Glass Transition Temp: 263.15 °C. Heat Deflection Temp: 333.15 °C. Processing Temp Min C: 220.0. Processing Temp Max C: 250.0. Crystallinity: 50.0.
Ultem PEI,Polymer,Thermoplastic,Material Name: Ultem PEI. Category: Polymer. Subcategory: Thermoplastic. Formula: (C37H24N2O6)n. Density: 1.27 g/cm3. Melting Point: 490.0 °C. Thermal Conductivity: 0.22 W/m·K. Specific Heat: 1100.0. Thermal Expansion: 56.0. Electrical Resistivity: 1000000000000000.0. Yield Strength: 105.0 MPa. Tensile Strength: 105.0 MPa. Youngs Modulus: 3.3 GPa. Poissons Ratio: 0.36. Glass Transition Temp: 490.15 °C. Heat Deflection Temp: 473.15 °C. Processing Temp Min C: 340.0. Processing Temp Max C: 390.0. Crystallinity: 0.0.
CFRP Unidirectional,Composite,PMC,Material Name: CFRP Unidirectional. Category: Composite. Subcategory: PMC. Formula: C/Epoxy. Density: 1.55 g/cm3. Thermal Conductivity: 5.0 W/m·K. Specific Heat: 1050.0. Thermal Expansion: 0.5. Electrical Resistivity: 1.7e-05. Tensile Strength: 1500.0 MPa. Youngs Modulus: 135.0 GPa. Poissons Ratio: 0.3. Processing Temp Min C: 230.0. Processing Temp Max C: 280.0. Fracture Toughness: 80.0. Interlaminar Shear Strength: 60.0. Fiber Volume Fraction: 60.0.
GFRP Woven,Composite,PMC,Material Name: GFRP Woven. Category: Composite. Subcategory: PMC. Formula: SiO2/Epoxy. Density: 1.8 g/cm3. Thermal Conductivity: 0.35 W/m·K. Specific Heat: 1000.0. Thermal Expansion: 11.0. Electrical Resistivity: 1000000000000.0. Tensile Strength: 900.0 MPa. Youngs Modulus: 40.0 GPa. Poissons Ratio: 0.25. Processing Temp Min C: 220.0. Processing Temp Max C: 270.0. Fracture Toughness: 45.0. Interlaminar Shear Strength: 50.0. Fiber Volume Fraction: 50.0.
Al-SiC Metal Matrix Composite,Composite,MMC,Material Name: Al-SiC Metal Matrix Composite. Category: Composite. Subcategory: MMC. Formula: Al-SiC. Density: 2.9 g/cm3. Thermal Conductivity: 170.0 W/m·K. Specific Heat: 864.0. Thermal Expansion: 12.4. Electrical Resistivity: 4e-08. Yield Strength: 310.0 MPa. Tensile Strength: 400.0 MPa. Youngs Modulus: 115.0 GPa. Hardness Vickers: 130.0. Poissons Ratio: 0.3.
Graphite Isotropic,Ceramic,Carbon,Material Name: Graphite Isotropic. Category: Ceramic. Subcategory: Carbon. Formula: C. Density: 1.81 g/cm3. Melting Point: 3948.0 °C. Thermal Conductivity: 120.0 W/m·K. Specific Heat: 720.0. Thermal Expansion: 4.0. Electrical Resistivity: 1.3e-05. Tensile Strength: 50.0 MPa. Youngs Modulus: 10.0 GPa. Poissons Ratio: 0.2.
TiCuSiAs,Ceramic,Mixed,Material Name: TiCuSiAs. Category: Ceramic. Subcategory: Mixed. Formula: TiCuSiAs. Density: 5.956 g/cm3. Notes: JVASP-90856.
DyB6,Ceramic,Boride,Material Name: DyB6. Category: Ceramic. Subcategory: Boride. Formula: DyB6. Density: 5.522 g/cm3. Notes: JVASP-86097.
Be2OsRu,Metal,Non-Ferrous,Material Name: Be2OsRu. Category: Metal. Subcategory: Non-Ferrous. Formula: Be2OsRu. Density: 10.96 g/cm3. Notes: JVASP-64906.
KBi,Metal,Non-Ferrous,Material Name: KBi. Category: Metal. Subcategory: Non-Ferrous. Formula: KBi. Density: 5.145 g/cm3. Notes: JVASP-98225.
VSe2,Metal,Non-Ferrous,Material Name: VSe2. Category: Metal. Subcategory: Non-Ferrous. Formula: VSe2. Density: 5.718 g/cm3. Youngs Modulus: 80.88610801471407 GPa. Notes: JVASP-10.
TbMnSi,Ceramic,Mixed,Material Name: TbMnSi. Category: Ceramic. Subcategory: Mixed. Formula: TbMnSi. Density: 7.41 g/cm3. Notes: JVASP-14014.
Ba4NaBi,Metal,Non-Ferrous,Material Name: Ba4NaBi. Category: Metal. Subcategory: Non-Ferrous. Formula: Ba4NaBi. Density: 4.651 g/cm3. Youngs Modulus: 1.069394435351882 GPa. Notes: JVASP-64664.
SrFeO3,Ceramic,Oxide,Material Name: SrFeO3. Category: Ceramic. Subcategory: Oxide. Formula: SrFeO3. Density: 5.836 g/cm3. Notes: JVASP-22556.
LuNi4Sn,Metal,Superalloy,Material Name: LuNi4Sn. Category: Metal. Subcategory: Superalloy. Formula: LuNi4Sn. Density: 10.249 g/cm3. Notes: JVASP-86726.
MoW3Se2S6,Ceramic,Mixed,Material Name: MoW3Se2S6. Category: Ceramic. Subcategory: Mixed. Formula: MoW3Se2S6. Density: 5.388 g/cm3. Notes: JVASP-28634.
Ba4CeMn3O12,Ceramic,Oxide,Material Name: Ba4CeMn3O12. Category: Ceramic. Subcategory: Oxide. Formula: Ba4CeMn3O12. Density: 6.138 g/cm3. Notes: JVASP-98550.
Fe2SiO4,Ceramic,Oxide,Material Name: Fe2SiO4. Category: Ceramic. Subcategory: Oxide. Formula: Fe2SiO4. Density: 4.438 g/cm3. Notes: JVASP-89265.
Ba14Na14LiN6,Ceramic,Nitride,Material Name: Ba14Na14LiN6. Category: Ceramic. Subcategory: Nitride. Formula: Ba14Na14LiN6. Density: 2.887 g/cm3. Notes: JVASP-97915.
Ag2IO6,Ceramic,Oxide,Material Name: Ag2IO6. Category: Ceramic. Subcategory: Oxide. Formula: Ag2IO6. Density: 5.588 g/cm3. Notes: JVASP-90228.
Li4Mn3Cr3O12,Ceramic,Oxide,Material Name: Li4Mn3Cr3O12. Category: Ceramic. Subcategory: Oxide. Formula: Li4Mn3Cr3O12. Density: 4.401 g/cm3. Notes: JVASP-42300.
CdAs2O6,Ceramic,Oxide,Material Name: CdAs2O6. Category: Ceramic. Subcategory: Oxide. Formula: CdAs2O6. Density: 5.765 g/cm3. Notes: JVASP-86968.
FeOF,Ceramic,Oxide,Material Name: FeOF. Category: Ceramic. Subcategory: Oxide. Formula: FeOF. Density: 4.758 g/cm3. Notes: JVASP-90532.
Na2CuO2,Ceramic,Oxide,Material Name: Na2CuO2. Category: Ceramic. Subcategory: Oxide. Formula: Na2CuO2. Density: 3.544 g/cm3. Notes: JVASP-50332.
SmSb12Os4,Metal,Non-Ferrous,Material Name: SmSb12Os4. Category: Metal. Subcategory: Non-Ferrous. Formula: SmSb12Os4. Density: 9.359 g/cm3. Notes: JVASP-86205.
Mo3WSe6S2,Ceramic,Mixed,Material Name: Mo3WSe6S2. Category: Ceramic. Subcategory: Mixed. Formula: Mo3WSe6S2. Density: 5.106 g/cm3. Notes: JVASP-28704.
PdSe8Cl2,Ceramic,Mixed,Material Name: PdSe8Cl2. Category: Ceramic. Subcategory: Mixed. Formula: PdSe8Cl2. Density: 4.471 g/cm3. Notes: JVASP-60702.
BaGe2,Metal,Non-Ferrous,Material Name: BaGe2. Category: Metal. Subcategory: Non-Ferrous. Formula: BaGe2. Density: 5.124 g/cm3. Notes: JVASP-97799.
Te2Mo2WSe2S2,Ceramic,Mixed,Material Name: Te2Mo2WSe2S2. Category: Ceramic. Subcategory: Mixed. Formula: Te2Mo2WSe2S2. Density: 4.974 g/cm3. Notes: JVASP-28565.
LiSbF6,Ceramic,Mixed,Material Name: LiSbF6. Category: Ceramic. Subcategory: Mixed. Formula: LiSbF6. Density: 3.997 g/cm3. Notes: JVASP-86436.
AlAs,Metal,Non-Ferrous,Material Name: AlAs. Category: Metal. Subcategory: Non-Ferrous. Formula: AlAs. Density: 3.607 g/cm3. Youngs Modulus: 105.9126024318793 GPa. Notes: JVASP-1372.
SrB6,Ceramic,Boride,Material Name: SrB6. Category: Ceramic. Subcategory: Boride. Formula: SrB6. Density: 3.439 g/cm3. Youngs Modulus: 295.0195324675325 GPa. Notes: JVASP-14873.
SiS,Ceramic,Non-Oxide,Material Name: SiS. Category: Ceramic. Subcategory: Non-Oxide. Formula: SiS. Density: 0.633 g/cm3. Youngs Modulus: 12.81503355704698 GPa. Notes: JVASP-28397.
Ce2Al16Pt9,Metal,Non-Ferrous,Material Name: Ce2Al16Pt9. Category: Metal. Subcategory: Non-Ferrous. Formula: Ce2Al16Pt9. Density: 8.892 g/cm3. Notes: JVASP-98284.
Na2Si2Se5,Ceramic,Mixed,Material Name: Na2Si2Se5. Category: Ceramic. Subcategory: Mixed. Formula: Na2Si2Se5. Density: 3.419 g/cm3. Notes: JVASP-89025.
NaI,Metal,Non-Ferrous,Material Name: NaI. Category: Metal. Subcategory: Non-Ferrous. Formula: NaI. Density: 3.746 g/cm3. Youngs Modulus: 27.148687181073143 GPa. Notes: JVASP-1996.
LiMn5O3F5,Ceramic,Oxide,Material Name: LiMn5O3F5. Category: Ceramic. Subcategory: Oxide. Formula: LiMn5O3F5. Density: 4.019 g/cm3. Youngs Modulus: 65.0098578199052 GPa. Notes: JVASP-48166.
YCoC2,Ceramic,Carbide,Material Name: YCoC2. Category: Ceramic. Subcategory: Carbide. Formula: YCoC2. Density: 5.909 g/cm3. Youngs Modulus: 250.80591035490409 GPa. Notes: JVASP-15345.
Rb2PdI6,Metal,Non-Ferrous,Material Name: Rb2PdI6. Category: Metal. Subcategory: Non-Ferrous. Formula: Rb2PdI6. Density: 4.924 g/cm3. Notes: JVASP-97378.
TbTaO4,Ceramic,Oxide,Material Name: TbTaO4. Category: Ceramic. Subcategory: Oxide. Formula: TbTaO4. Density: 8.922 g/cm3. Notes: JVASP-97984.
Ni3Te2,Metal,Non-Ferrous,Material Name: Ni3Te2. Category: Metal. Subcategory: Non-Ferrous. Formula: Ni3Te2. Density: 8.151 g/cm3. Notes: JVASP-98224.
FeH8Cl2O4,Ceramic,Oxide,Material Name: FeH8Cl2O4. Category: Ceramic. Subcategory: Oxide. Formula: FeH8Cl2O4. Density: 2.081 g/cm3. Notes: JVASP-98167.
Ba4TaZn,Metal,Non-Ferrous,Material Name: Ba4TaZn. Category: Metal. Subcategory: Non-Ferrous. Formula: Ba4TaZn. Density: 5.492 g/cm3. Notes: JVASP-64045.
Ba4CaRe,Metal,Non-Ferrous,Material Name: Ba4CaRe. Category: Metal. Subcategory: Non-Ferrous. Formula: Ba4CaRe. Density: 5.496 g/cm3. Notes: JVASP-63912.
Ba4TeSe,Metal,Non-Ferrous,Material Name: Ba4TeSe. Category: Metal. Subcategory: Non-Ferrous. Formula: Ba4TeSe. Density: 5.329 g/cm3. Notes: JVASP-64003.
Ba4NaGe,Metal,Non-Ferrous,Material Name: Ba4NaGe. Category: Metal. Subcategory: Non-Ferrous. Formula: Ba4NaGe. Density: 4.026 g/cm3. Notes: JVASP-64584.
Ba4HgPb,Metal,Non-Ferrous,Material Name: Ba4HgPb. Category: Metal. Subcategory: Non-Ferrous. Formula: Ba4HgPb. Density: 6.204 g/cm3. Notes: JVASP-64240.
Bi3Sb,Metal,Non-Ferrous,Material Name: Bi3Sb. Category: Metal. Subcategory: Non-Ferrous. Formula: Bi3Sb. Density: 8.772 g/cm3. Notes: JVASP-107772.
Ba4YNb,Metal,Non-Ferrous,Material Name: Ba4YNb. Category: Metal. Subcategory: Non-Ferrous. Formula: Ba4YNb. Density: 4.748 g/cm3. Notes: JVASP-64719.
K4MnMo4O15,Ceramic,Oxide,Material Name: K4MnMo4O15. Category: Ceramic. Subcategory: Oxide. Formula: K4MnMo4O15. Density: 3.689 g/cm3. Notes: JVASP-97499.
Ba4LiHf,Metal,Non-Ferrous,Material Name: Ba4LiHf. Category: Metal. Subcategory: Non-Ferrous. Formula: Ba4LiHf. Density: 4.519 g/cm3. Notes: JVASP-64377.
Xe,Ceramic,Elemental,Material Name: Xe. Category: Ceramic. Subcategory: Elemental. Formula: Xe. Density: 3.762 g/cm3. Youngs Modulus: 6.9707865168539325 GPa. Notes: JVASP-21210.
Rb2GeB4O9,Ceramic,Oxide,Material Name: Rb2GeB4O9. Category: Ceramic. Subcategory: Oxide. Formula: Rb2GeB4O9. Density: 3.296 g/cm3. Notes: JVASP-97677.
BeReBi4,Metal,Non-Ferrous,Material Name: BeReBi4. Category: Metal. Subcategory: Non-Ferrous. Formula: BeReBi4. Density: 9.288 g/cm3. Notes: JVASP-65101.
Ca4BeW,Metal,Non-Ferrous,Material Name: Ca4BeW. Category: Metal. Subcategory: Non-Ferrous. Formula: Ca4BeW. Density: 3.62 g/cm3. Youngs Modulus: 34.54916656615608 GPa. Notes: JVASP-65062.
Na2Cr2O7,Ceramic,Oxide,Material Name: Na2Cr2O7. Category: Ceramic. Subcategory: Oxide. Formula: Na2Cr2O7. Density: 2.796 g/cm3. Notes: JVASP-97570.
BeCu4W,Metal,Non-Ferrous,Material Name: BeCu4W. Category: Metal. Subcategory: Non-Ferrous. Formula: BeCu4W. Density: 9.833 g/cm3. Youngs Modulus: 146.1587714449988 GPa. Notes: JVASP-64983.
Ce3Si8Ni2,Ceramic,Mixed,Material Name: Ce3Si8Ni2. Category: Ceramic. Subcategory: Mixed. Formula: Ce3Si8Ni2. Density: 5.572 g/cm3. Notes: JVASP-98036.
SrV4Bi6O20,Ceramic,Oxide,Material Name: SrV4Bi6O20. Category: Ceramic. Subcategory: Oxide. Formula: SrV4Bi6O20. Density: 6.695 g/cm3. Notes: JVASP-98088.
RbVF3,Ceramic,Mixed,Material Name: RbVF3. Category: Ceramic. Subcategory: Mixed. Formula: RbVF3. Density: 4.54 g/cm3. Youngs Modulus: 94.4163080710392 GPa. Notes: JVASP-22587.
Sr2Ti2As2OF2,Ceramic,Oxide,Material Name: Sr2Ti2As2OF2. Category: Ceramic. Subcategory: Oxide. Formula: Sr2Ti2As2OF2. Density: 4.921 g/cm3. Notes: JVASP-89957.
YMg,Metal,Non-Ferrous,Material Name: YMg. Category: Metal. Subcategory: Non-Ferrous. Formula: YMg. Density: 3.485 g/cm3. Youngs Modulus: 69.92744165341813 GPa. Notes: JVASP-18912.
NiN6Cl2,Ceramic,Nitride,Material Name: NiN6Cl2. Category: Ceramic. Subcategory: Nitride. Formula: NiN6Cl2. Density: 3.069 g/cm3. Notes: JVASP-90428.
MnOF,Ceramic,Oxide,Material Name: MnOF. Category: Ceramic. Subcategory: Oxide. Formula: MnOF. Density: 4.462 g/cm3. Notes: JVASP-48091.
Te6Mo3WSe2,Metal,Non-Ferrous,Material Name: Te6Mo3WSe2. Category: Metal. Subcategory: Non-Ferrous. Formula: Te6Mo3WSe2. Density: 5.834 g/cm3. Notes: JVASP-29104.
Ba4MgBi,Metal,Non-Ferrous,Material Name: Ba4MgBi. Category: Metal. Subcategory: Non-Ferrous. Formula: Ba4MgBi. Density: 4.866 g/cm3. Notes: JVASP-64427.
KBaZn,Metal,Non-Ferrous,Material Name: KBaZn. Category: Metal. Subcategory: Non-Ferrous. Formula: KBaZn. Density: 2.971 g/cm3. Notes: JVASP-64129.
Ba4MnW,Metal,Non-Ferrous,Material Name: Ba4MnW. Category: Metal. Subcategory: Non-Ferrous. Formula: Ba4MnW. Density: 5.899 g/cm3. Notes: JVASP-64090.
Ba4VSe,Metal,Non-Ferrous,Material Name: Ba4VSe. Category: Metal. Subcategory: Non-Ferrous. Formula: Ba4VSe. Density: 4.608 g/cm3. Notes: JVASP-64314.
Ba4TaIn,Metal,Non-Ferrous,Material Name: Ba4TaIn. Category: Metal. Subcategory: Non-Ferrous. Formula: Ba4TaIn. Density: 5.838 g/cm3. Notes: JVASP-63956.
TiCrAgS4,Ceramic,Mixed,Material Name: TiCrAgS4. Category: Ceramic. Subcategory: Mixed. Formula: TiCrAgS4. Density: 4.206 g/cm3. Notes: JVASP-107735.
Ba4NbBi,Metal,Non-Ferrous,Material Name: Ba4NbBi. Category: Metal. Subcategory: Non-Ferrous. Formula: Ba4NbBi. Density: 5.719 g/cm3. Notes: JVASP-64861.
Ba4CaSn,Metal,Non-Ferrous,Material Name: Ba4CaSn. Category: Metal. Subcategory: Non-Ferrous. Formula: Ba4CaSn. Density: 4.277 g/cm3. Notes: JVASP-64780.
KMoP2O8,Ceramic,Oxide,Material Name: KMoP2O8. Category: Ceramic. Subcategory: Oxide. Formula: KMoP2O8. Density: 3.165 g/cm3. Notes: JVASP-98798.
Ba4HgSb,Metal,Non-Ferrous,Material Name: Ba4HgSb. Category: Metal. Subcategory: Non-Ferrous. Formula: Ba4HgSb. Density: 5.796 g/cm3. Notes: JVASP-64512.
UNiSn,Metal,Non-Ferrous,Material Name: UNiSn. Category: Metal. Subcategory: Non-Ferrous. Formula: UNiSn. Density: 9.303 g/cm3. Notes: JVASP-53301.
Ba4CdSe,Metal,Non-Ferrous,Material Name: Ba4CdSe. Category: Metal. Subcategory: Non-Ferrous. Formula: Ba4CdSe. Density: 4.926 g/cm3. Youngs Modulus: -7.179759979128619 GPa. Notes: JVASP-64184.
MnBeIr4,Metal,Non-Ferrous,Material Name: MnBeIr4. Category: Metal. Subcategory: Non-Ferrous. Formula: MnBeIr4. Density: 14.857 g/cm3. Notes: JVASP-64945.
LiO,Ceramic,Oxide,Material Name: LiO. Category: Ceramic. Subcategory: Oxide. Formula: LiO. Density: 2.356 g/cm3. Notes: JVASP-86322.
USb,Unknown,,Material Name: USb. Category: Unknown. Formula: USb. Density: 10.07 g/cm3. Youngs Modulus: 109.66926833019338 GPa. Notes: JVASP-14756.
MnCoO4,Ceramic,Oxide,Material Name: MnCoO4. Category: Ceramic. Subcategory: Oxide. Formula: MnCoO4. Density: 5.456 g/cm3. Notes: JVASP-47529.
LaAlH6,Metal,Non-Ferrous,Material Name: LaAlH6. Category: Metal. Subcategory: Non-Ferrous. Formula: LaAlH6. Density: 3.657 g/cm3. Notes: JVASP-91520.
Rb2MnCl6,Ceramic,Mixed,Material Name: Rb2MnCl6. Category: Ceramic. Subcategory: Mixed. Formula: Rb2MnCl6. Density: 3.167 g/cm3. Youngs Modulus: 25.48493514238855 GPa. Notes: JVASP-22670.
Ag2F5,Ceramic,Mixed,Material Name: Ag2F5. Category: Ceramic. Subcategory: Mixed. Formula: Ag2F5. Density: 5.311 g/cm3. Notes: JVASP-97623.
CeTiO3,Ceramic,Oxide,Material Name: CeTiO3. Category: Ceramic. Subcategory: Oxide. Formula: CeTiO3. Density: 6.466 g/cm3. Notes: JVASP-49836.
Te2MoWSeS,Ceramic,Mixed,Material Name: Te2MoWSeS. Category: Ceramic. Subcategory: Mixed. Formula: Te2MoWSeS. Density: 6.082 g/cm3. Youngs Modulus: 4.124076923076923 GPa. Notes: JVASP-28959.
LiSiCu2,Ceramic,Mixed,Material Name: LiSiCu2. Category: Ceramic. Subcategory: Mixed. Formula: LiSiCu2. Density: 5.558 g/cm3. Notes: JVASP-15810.
Zn2Ga2S5,Ceramic,Mixed,Material Name: Zn2Ga2S5. Category: Ceramic. Subcategory: Mixed. Formula: Zn2Ga2S5. Density: 4.013 g/cm3. Notes: JVASP-90114.
SrO,Ceramic,Oxide,Material Name: SrO. Category: Ceramic. Subcategory: Oxide. Formula: SrO. Density: 4.968 g/cm3. Youngs Modulus: 148.43203661327234 GPa. Notes: JVASP-1390.
Li2VO2F,Ceramic,Oxide,Material Name: Li2VO2F. Category: Ceramic. Subcategory: Oxide. Formula: Li2VO2F. Density: 3.848 g/cm3. Youngs Modulus: 182.4044489972513 GPa. Notes: JVASP-47962.
NaVO2,Ceramic,Oxide,Material Name: NaVO2. Category: Ceramic. Subcategory: Oxide. Formula: NaVO2. Density: 4.191 g/cm3. Youngs Modulus: 197.29858368030412 GPa. Notes: JVASP-1879.
Nb3Si,Ceramic,Mixed,Material Name: Nb3Si. Category: Ceramic. Subcategory: Mixed. Formula: Nb3Si. Density: 7.381 g/cm3. Notes: JVASP-98688.
CSO,Ceramic,Non-Oxide,Material Name: CSO. Category: Ceramic. Subcategory: Non-Oxide. Formula: CSO. Density: 1.63 g/cm3. Notes: JVASP-5482.
LiNiO2,Ceramic,Oxide,Material Name: LiNiO2. Category: Ceramic. Subcategory: Oxide. Formula: LiNiO2. Density: 4.795 g/cm3. Youngs Modulus: 144.70958919551688 GPa. Notes: JVASP-18433.
Te4MoW,Metal,Non-Ferrous,Material Name: Te4MoW. Category: Metal. Subcategory: Non-Ferrous. Formula: Te4MoW. Density: 6.254 g/cm3. Youngs Modulus: 40.00588823686317 GPa. Notes: JVASP-29024.
SnHgO3,Ceramic,Oxide,Material Name: SnHgO3. Category: Ceramic. Subcategory: Oxide. Formula: SnHgO3. Density: 9.323 g/cm3. Notes: JVASP-97985.
PbBr2,Metal,Non-Ferrous,Material Name: PbBr2. Category: Metal. Subcategory: Non-Ferrous. Formula: PbBr2. Density: 5.289 g/cm3. Youngs Modulus: 24.785368190813458 GPa. Notes: JVASP-22721.
Fe2B,Ceramic,Boride,Material Name: Fe2B. Category: Ceramic. Subcategory: Boride. Formula: Fe2B. Density: 6.721 g/cm3. Notes: JVASP-86154.
HgHClO4,Ceramic,Oxide,Material Name: HgHClO4. Category: Ceramic. Subcategory: Oxide. Formula: HgHClO4. Density: 5.134 g/cm3. Notes: JVASP-32197.
YbAsPd,Metal,Non-Ferrous,Material Name: YbAsPd. Category: Metal. Subcategory: Non-Ferrous. Formula: YbAsPd. Density: 10.2 g/cm3. Notes: JVASP-16112.
EuCuBi,Metal,Non-Ferrous,Material Name: EuCuBi. Category: Metal. Subcategory: Non-Ferrous. Formula: EuCuBi. Density: 9.771 g/cm3. Notes: JVASP-85557.
LiFeF3,Ceramic,Mixed,Material Name: LiFeF3. Category: Ceramic. Subcategory: Mixed. Formula: LiFeF3. Density: 4.084 g/cm3. Notes: JVASP-43739.
K2TcCl6,Ceramic,Mixed,Material Name: K2TcCl6. Category: Ceramic. Subcategory: Mixed. Formula: K2TcCl6. Density: 2.789 g/cm3. Notes: JVASP-3828.
SmSb2Au,Metal,Non-Ferrous,Material Name: SmSb2Au. Category: Metal. Subcategory: Non-Ferrous. Formula: SmSb2Au. Density: 9.795 g/cm3. Notes: JVASP-91564.
LaMgSi2,Ceramic,Mixed,Material Name: LaMgSi2. Category: Ceramic. Subcategory: Mixed. Formula: LaMgSi2. Density: 4.208 g/cm3. Notes: JVASP-97732.
V6O7F5,Ceramic,Oxide,Material Name: V6O7F5. Category: Ceramic. Subcategory: Oxide. Formula: V6O7F5. Density: 4.36 g/cm3. Notes: JVASP-43842.
Nd3S2Br5,Ceramic,Mixed,Material Name: Nd3S2Br5. Category: Ceramic. Subcategory: Mixed. Formula: Nd3S2Br5. Density: 5.306 g/cm3. Notes: JVASP-98494.
Ho3Co2Ge4,Metal,Non-Ferrous,Material Name: Ho3Co2Ge4. Category: Metal. Subcategory: Non-Ferrous. Formula: Ho3Co2Ge4. Density: 8.999 g/cm3. Notes: JVASP-89901.
YAl3,Metal,Non-Ferrous,Material Name: YAl3. Category: Metal. Subcategory: Non-Ferrous. Formula: YAl3. Density: 2.366 g/cm3. Notes: JVASP-4729.
Sr2TaN3,Ceramic,Nitride,Material Name: Sr2TaN3. Category: Ceramic. Subcategory: Nitride. Formula: Sr2TaN3. Density: 6.188 g/cm3. Notes: JVASP-97336.
Ba4YRh,Metal,Non-Ferrous,Material Name: Ba4YRh. Category: Metal. Subcategory: Non-Ferrous. Formula: Ba4YRh. Density: 5.109 g/cm3. Notes: JVASP-63913.
BaSm2CoO5,Ceramic,Oxide,Material Name: BaSm2CoO5. Category: Ceramic. Subcategory: Oxide. Formula: BaSm2CoO5. Density: 7.338 g/cm3. Notes: JVASP-87903.
LiTaO3,Ceramic,Oxide,Material Name: LiTaO3. Category: Ceramic. Subcategory: Oxide. Formula: LiTaO3. Density: 6.786 g/cm3. Notes: JVASP-49773.
BiClO,Ceramic,Oxide,Material Name: BiClO. Category: Ceramic. Subcategory: Oxide. Formula: BiClO. Density: 7.575 g/cm3. Youngs Modulus: 87.5489583245366 GPa. Notes: JVASP-3534.
CrS2,Ceramic,Mixed,Material Name: CrS2. Category: Ceramic. Subcategory: Mixed. Formula: CrS2. Density: 2.923 g/cm3. Youngs Modulus: 35.011279509586544 GPa. Notes: JVASP-15831.
Li2MnCuO4,Ceramic,Oxide,Material Name: Li2MnCuO4. Category: Ceramic. Subcategory: Oxide. Formula: Li2MnCuO4. Density: 4.596 g/cm3. Notes: JVASP-43424.
Ba4VMo,Metal,Non-Ferrous,Material Name: Ba4VMo. Category: Metal. Subcategory: Non-Ferrous. Formula: Ba4VMo. Density: 4.904 g/cm3. Notes: JVASP-64130.
Sm2SeO2,Ceramic,Oxide,Material Name: Sm2SeO2. Category: Ceramic. Subcategory: Oxide. Formula: Sm2SeO2. Density: 7.303 g/cm3. Youngs Modulus: 152.24175497446063 GPa. Notes: JVASP-3252.
PdF3,Ceramic,Mixed,Material Name: PdF3. Category: Ceramic. Subcategory: Mixed. Formula: PdF3. Density: 4.857 g/cm3. Notes: JVASP-14081.
HfTlCuS3,Ceramic,Mixed,Material Name: HfTlCuS3. Category: Ceramic. Subcategory: Mixed. Formula: HfTlCuS3. Density: 7.042 g/cm3. Notes: JVASP-98173.
LiYSe2,Metal,Non-Ferrous,Material Name: LiYSe2. Category: Metal. Subcategory: Non-Ferrous. Formula: LiYSe2. Density: 4.595 g/cm3. Youngs Modulus: 69.84460715580806 GPa. Notes: JVASP-1837.
NaFePO4,Ceramic,Oxide,Material Name: NaFePO4. Category: Ceramic. Subcategory: Oxide. Formula: NaFePO4. Density: 3.695 g/cm3. Notes: JVASP-48383.
LiNiN,Ceramic,Nitride,Material Name: LiNiN. Category: Ceramic. Subcategory: Nitride. Formula: LiNiN. Density: 3.489 g/cm3. Notes: JVASP-18544.
MgIn2O4,Ceramic,Oxide,Material Name: MgIn2O4. Category: Ceramic. Subcategory: Oxide. Formula: MgIn2O4. Density: 5.866 g/cm3. Notes: JVASP-53071.
LiH4SNO4,Ceramic,Oxide,Material Name: LiH4SNO4. Category: Ceramic. Subcategory: Oxide. Formula: LiH4SNO4. Density: 1.942 g/cm3. Notes: JVASP-97428.
YbNi5,Metal,Non-Ferrous,Material Name: YbNi5. Category: Metal. Subcategory: Non-Ferrous. Formula: YbNi5. Density: 9.801 g/cm3. Youngs Modulus: 176.06129479910757 GPa. Notes: JVASP-14997.
Ba4TiNb,Metal,Non-Ferrous,Material Name: Ba4TiNb. Category: Metal. Subcategory: Non-Ferrous. Formula: Ba4TiNb. Density: 4.819 g/cm3. Notes: JVASP-64092.
LiCuS,Ceramic,Mixed,Material Name: LiCuS. Category: Ceramic. Subcategory: Mixed. Formula: LiCuS. Density: 3.791 g/cm3. Youngs Modulus: 39.27684191589836 GPa. Notes: JVASP-43079.
Ba4NaRh,Metal,Non-Ferrous,Material Name: Ba4NaRh. Category: Metal. Subcategory: Non-Ferrous. Formula: Ba4NaRh. Density: 4.485 g/cm3. Notes: JVASP-64428.
ZrSn,Metal,Non-Ferrous,Material Name: ZrSn. Category: Metal. Subcategory: Non-Ferrous. Formula: ZrSn. Density: 7.423 g/cm3. Notes: JVASP-90580.
AlInO3,Ceramic,Oxide,Material Name: AlInO3. Category: Ceramic. Subcategory: Oxide. Formula: AlInO3. Density: 5.641 g/cm3. Youngs Modulus: 240.48356948147256 GPa. Notes: JVASP-50935.
Ba4ZrTi,Metal,Non-Ferrous,Material Name: Ba4ZrTi. Category: Metal. Subcategory: Non-Ferrous. Formula: Ba4ZrTi. Density: 4.764 g/cm3. Notes: JVASP-64185.
LiAgF2,Ceramic,Mixed,Material Name: LiAgF2. Category: Ceramic. Subcategory: Mixed. Formula: LiAgF2. Density: 5.706 g/cm3. Youngs Modulus: 59.82803287128713 GPa. Notes: JVASP-22698.
Ba4BiTe,Metal,Non-Ferrous,Material Name: Ba4BiTe. Category: Metal. Subcategory: Non-Ferrous. Formula: Ba4BiTe. Density: 5.974 g/cm3. Notes: JVASP-64004.
Ba4MgGe,Metal,Non-Ferrous,Material Name: Ba4MgGe. Category: Metal. Subcategory: Non-Ferrous. Formula: Ba4MgGe. Density: 4.198 g/cm3. Notes: JVASP-64783.
Ba4LiRh,Metal,Non-Ferrous,Material Name: Ba4LiRh. Category: Metal. Subcategory: Non-Ferrous. Formula: Ba4LiRh. Density: 4.555 g/cm3. Notes: JVASP-64046.
YTi,Metal,Non-Ferrous,Material Name: YTi. Category: Metal. Subcategory: Non-Ferrous. Formula: YTi. Density: 4.729 g/cm3. Youngs Modulus: 26.43902027027027 GPa. Notes: JVASP-37168.
KBaNb,Metal,Non-Ferrous,Material Name: KBaNb. Category: Metal. Subcategory: Non-Ferrous. Formula: KBaNb. Density: 3.011 g/cm3. Youngs Modulus: -8.093632075471698 GPa. Notes: JVASP-64315.
Mg3In,Metal,Non-Ferrous,Material Name: Mg3In. Category: Metal. Subcategory: Non-Ferrous. Formula: Mg3In. Density: 3.45 g/cm3. Notes: JVASP-91653.
Ho6ReO12,Ceramic,Oxide,Material Name: Ho6ReO12. Category: Ceramic. Subcategory: Oxide. Formula: Ho6ReO12. Density: 8.889 g/cm3. Notes: JVASP-50807.
Zr5Sb4,Metal,Non-Ferrous,Material Name: Zr5Sb4. Category: Metal. Subcategory: Non-Ferrous. Formula: Zr5Sb4. Density: 7.742 g/cm3. Notes: JVASP-86899.
Ba4NbHg,Metal,Non-Ferrous,Material Name: Ba4NbHg. Category: Metal. Subcategory: Non-Ferrous. Formula: Ba4NbHg. Density: 5.704 g/cm3. Notes: JVASP-64721.
RbTaO3,Ceramic,Oxide,Material Name: RbTaO3. Category: Ceramic. Subcategory: Oxide. Formula: RbTaO3. Density: 7.739 g/cm3. Youngs Modulus: 172.39648368654085 GPa. Notes: JVASP-50006.
PH5N2O4,Unknown,,Material Name: PH5N2O4. Category: Unknown. Formula: PH5N2O4. Density: 1.981 g/cm3. Notes: JVASP-98438.
AlFeO3,Ceramic,Oxide,Material Name: AlFeO3. Category: Ceramic. Subcategory: Oxide. Formula: AlFeO3. Density: 4.756 g/cm3. Notes: JVASP-43622.
Ba4MgIn,Metal,Non-Ferrous,Material Name: Ba4MgIn. Category: Metal. Subcategory: Non-Ferrous. Formula: Ba4MgIn. Density: 4.245 g/cm3. Notes: JVASP-64515.
Ba4MgTc,Metal,Non-Ferrous,Material Name: Ba4MgTc. Category: Metal. Subcategory: Non-Ferrous. Formula: Ba4MgTc. Density: 4.826 g/cm3. Notes: JVASP-63957.
K3CaP2HO8,Ceramic,Oxide,Material Name: K3CaP2HO8. Category: Ceramic. Subcategory: Oxide. Formula: K3CaP2HO8. Density: 2.751 g/cm3. Notes: JVASP-52881.
Ba9Y2Si6O24,Ceramic,Oxide,Material Name: Ba9Y2Si6O24. Category: Ceramic. Subcategory: Oxide. Formula: Ba9Y2Si6O24. Density: 4.985 g/cm3. Notes: JVASP-98354.
Sm2ZnS4,Ceramic,Mixed,Material Name: Sm2ZnS4. Category: Ceramic. Subcategory: Mixed. Formula: Sm2ZnS4. Density: 5.375 g/cm3. Notes: JVASP-53435.
Li2FeO2F,Ceramic,Oxide,Material Name: Li2FeO2F. Category: Ceramic. Subcategory: Oxide. Formula: Li2FeO2F. Density: 4.128 g/cm3. Youngs Modulus: 150.82511648392406 GPa. Notes: JVASP-42398.
VS2,Ceramic,Mixed,Material Name: VS2. Category: Ceramic. Subcategory: Mixed. Formula: VS2. Density: 3.397 g/cm3. Youngs Modulus: 74.65148828585876 GPa. Notes: JVASP-16930.
LiCu2F6,Ceramic,Mixed,Material Name: LiCu2F6. Category: Ceramic. Subcategory: Mixed. Formula: LiCu2F6. Density: 4.246 g/cm3. Notes: JVASP-50690.
HfSnRh,Metal,Non-Ferrous,Material Name: HfSnRh. Category: Metal. Subcategory: Non-Ferrous. Formula: HfSnRh. Density: 11.712 g/cm3. Notes: JVASP-90040.
Ba4HfCl,Ceramic,Mixed,Material Name: Ba4HfCl. Category: Ceramic. Subcategory: Mixed. Formula: Ba4HfCl. Density: 4.784 g/cm3. Youngs Modulus: 3.0311743772241995 GPa. Notes: JVASP-64241.
Li4VCr3O8,Ceramic,Oxide,Material Name: Li4VCr3O8. Category: Ceramic. Subcategory: Oxide. Formula: Li4VCr3O8. Density: 4.284 g/cm3. Notes: JVASP-43523.
Mg6ZnFe,Metal,Ferrous,Material Name: Mg6ZnFe. Category: Metal. Subcategory: Ferrous. Formula: Mg6ZnFe. Density: 2.879 g/cm3. Notes: JVASP-92194.
Ba4ZrPb,Metal,Non-Ferrous,Material Name: Ba4ZrPb. Category: Metal. Subcategory: Non-Ferrous. Formula: Ba4ZrPb. Density: 5.595 g/cm3. Youngs Modulus: 12.0 GPa. Notes: JVASP-64668.
Tb2SeO2,Ceramic,Oxide,Material Name: Tb2SeO2. Category: Ceramic. Subcategory: Oxide. Formula: Tb2SeO2. Density: 8.077 g/cm3. Youngs Modulus: 165.70762059181197 GPa. Notes: JVASP-50107.
RbAuN12,Ceramic,Nitride,Material Name: RbAuN12. Category: Ceramic. Subcategory: Nitride. Formula: RbAuN12. Density: 3.413 g/cm3. Notes: JVASP-88701.
Li3CrSiO5,Ceramic,Oxide,Material Name: Li3CrSiO5. Category: Ceramic. Subcategory: Oxide. Formula: Li3CrSiO5. Density: 3.706 g/cm3. Notes: JVASP-47760.
BeCuPt,Metal,Non-Ferrous,Material Name: BeCuPt. Category: Metal. Subcategory: Non-Ferrous. Formula: BeCuPt. Density: 12.455 g/cm3. Youngs Modulus: 204.13585521205533 GPa. Notes: JVASP-65020.
Mg3NiO4,Ceramic,Oxide,Material Name: Mg3NiO4. Category: Ceramic. Subcategory: Oxide. Formula: Mg3NiO4. Density: 4.371 g/cm3. Notes: JVASP-91608.
Li5Ti2Co3O10,Ceramic,Oxide,Material Name: Li5Ti2Co3O10. Category: Ceramic. Subcategory: Oxide. Formula: Li5Ti2Co3O10. Density: 4.47 g/cm3. Notes: JVASP-48576.
Tl2SnF6,Ceramic,Mixed,Material Name: Tl2SnF6. Category: Ceramic. Subcategory: Mixed. Formula: Tl2SnF6. Density: 6.899 g/cm3. Youngs Modulus: 33.06161042944785 GPa. Notes: JVASP-3096.
NiSnF6,Ceramic,Mixed,Material Name: NiSnF6. Category: Ceramic. Subcategory: Mixed. Formula: NiSnF6. Density: 4.687 g/cm3. Youngs Modulus: 73.86007699061255 GPa. Notes: JVASP-22617.
Ba4BeCr,Metal,Non-Ferrous,Material Name: Ba4BeCr. Category: Metal. Subcategory: Non-Ferrous. Formula: Ba4BeCr. Density: 4.03 g/cm3. Notes: JVASP-64378.
La2PI2,Ceramic,Mixed,Material Name: La2PI2. Category: Ceramic. Subcategory: Mixed. Formula: La2PI2. Density: 5.249 g/cm3. Notes: JVASP-85271.
LiVCuO4,Ceramic,Oxide,Material Name: LiVCuO4. Category: Ceramic. Subcategory: Oxide. Formula: LiVCuO4. Density: 4.071 g/cm3. Notes: JVASP-48745.
Sb,Ceramic,Elemental,Material Name: Sb. Category: Ceramic. Subcategory: Elemental. Formula: Sb. Density: 6.665 g/cm3. Youngs Modulus: 82.0486388384755 GPa. Notes: JVASP-14614.
Dy3Mn3Ga2Si,Ceramic,Mixed,Material Name: Dy3Mn3Ga2Si. Category: Ceramic. Subcategory: Mixed. Formula: Dy3Mn3Ga2Si. Density: 8.061 g/cm3. Youngs Modulus: 46.00224113212782 GPa. Notes: JVASP-5059.
Ba2YBr7,Metal,Non-Ferrous,Material Name: Ba2YBr7. Category: Metal. Subcategory: Non-Ferrous. Formula: Ba2YBr7. Density: 4.869 g/cm3. Notes: JVASP-52544.
Ba4TlZn,Metal,Non-Ferrous,Material Name: Ba4TlZn. Category: Metal. Subcategory: Non-Ferrous. Formula: Ba4TlZn. Density: 5.209 g/cm3. Notes: JVASP-64862.
ScNiC2,Ceramic,Carbide,Material Name: ScNiC2. Category: Ceramic. Subcategory: Carbide. Formula: ScNiC2. Density: 5.129 g/cm3. Notes: JVASP-90713.
Li4CuSi2O7,Ceramic,Oxide,Material Name: Li4CuSi2O7. Category: Ceramic. Subcategory: Oxide. Formula: Li4CuSi2O7. Density: 3.049 g/cm3. Notes: JVASP-50463.
Sn3PO4F3,Ceramic,Oxide,Material Name: Sn3PO4F3. Category: Ceramic. Subcategory: Oxide. Formula: Sn3PO4F3. Density: 4.984 g/cm3. Youngs Modulus: 47.78065027755749 GPa. Notes: JVASP-97853.
LiMn7O12,Ceramic,Oxide,Material Name: LiMn7O12. Category: Ceramic. Subcategory: Oxide. Formula: LiMn7O12. Density: 4.724 g/cm3. Notes: JVASP-48232.
Zr2Bi2O7,Ceramic,Oxide,Material Name: Zr2Bi2O7. Category: Ceramic. Subcategory: Oxide. Formula: Zr2Bi2O7. Density: 7.54 g/cm3. Notes: JVASP-50396.
WI3O,Ceramic,Oxide,Material Name: WI3O. Category: Ceramic. Subcategory: Oxide. Formula: WI3O. Density: 6.357 g/cm3. Notes: JVASP-88009.
Sr5P3ClO12,Ceramic,Oxide,Material Name: Sr5P3ClO12. Category: Ceramic. Subcategory: Oxide. Formula: Sr5P3ClO12. Density: 4.093 g/cm3. Notes: JVASP-13907.
Al6Fe,Metal,Ferrous,Material Name: Al6Fe. Category: Metal. Subcategory: Ferrous. Formula: Al6Fe. Density: 3.389 g/cm3. Notes: JVASP-86274.
Na2CoO3,Ceramic,Oxide,Material Name: Na2CoO3. Category: Ceramic. Subcategory: Oxide. Formula: Na2CoO3. Density: 4.136 g/cm3. Notes: JVASP-44064.
RbHSeO4,Ceramic,Oxide,Material Name: RbHSeO4. Category: Ceramic. Subcategory: Oxide. Formula: RbHSeO4. Density: 3.425 g/cm3. Notes: JVASP-88825.
YSn3,Metal,Non-Ferrous,Material Name: YSn3. Category: Metal. Subcategory: Non-Ferrous. Formula: YSn3. Density: 6.953 g/cm3. Notes: JVASP-90768.
FeO2,Ceramic,Oxide,Material Name: FeO2. Category: Ceramic. Subcategory: Oxide. Formula: FeO2. Density: 5.538 g/cm3. Youngs Modulus: 361.7860412373302 GPa. Notes: JVASP-42657.
LuTaO4,Ceramic,Oxide,Material Name: LuTaO4. Category: Ceramic. Subcategory: Oxide. Formula: LuTaO4. Density: 9.769 g/cm3. Notes: JVASP-4492.
CeAl2Zn2,Metal,Non-Ferrous,Material Name: CeAl2Zn2. Category: Metal. Subcategory: Non-Ferrous. Formula: CeAl2Zn2. Density: 5.615 g/cm3. Notes: JVASP-15181.
Ca4Al6SO12,Ceramic,Oxide,Material Name: Ca4Al6SO12. Category: Ceramic. Subcategory: Oxide. Formula: Ca4Al6SO12. Density: 2.442 g/cm3. Notes: JVASP-97576.
VH16C6N6O7F2,Ceramic,Oxide,Material Name: VH16C6N6O7F2. Category: Ceramic. Subcategory: Oxide. Formula: VH16C6N6O7F2. Density: 1.774 g/cm3. Notes: JVASP-98799.
SbOF,Unknown,,Material Name: SbOF. Category: Unknown. Formula: SbOF. Density: 5.239 g/cm3. Youngs Modulus: 33.84762119328775 GPa. Notes: JVASP-52341.
LiSmAlF6,Ceramic,Mixed,Material Name: LiSmAlF6. Category: Ceramic. Subcategory: Mixed. Formula: LiSmAlF6. Density: 4.366 g/cm3. Notes: JVASP-13976.
K4SrBe,Metal,Non-Ferrous,Material Name: K4SrBe. Category: Metal. Subcategory: Non-Ferrous. Formula: K4SrBe. Density: 1.271 g/cm3. Notes: JVASP-65063.
LiMnPO4,Ceramic,Oxide,Material Name: LiMnPO4. Category: Ceramic. Subcategory: Oxide. Formula: LiMnPO4. Density: 3.268 g/cm3. Notes: JVASP-52783.
LaMg7,Metal,Non-Ferrous,Material Name: LaMg7. Category: Metal. Subcategory: Non-Ferrous. Formula: LaMg7. Density: 2.497 g/cm3. Notes: JVASP-91890.
Co3OF5,Ceramic,Oxide,Material Name: Co3OF5. Category: Ceramic. Subcategory: Oxide. Formula: Co3OF5. Density: 4.78 g/cm3. Notes: JVASP-44255.
K2MnP2O7,Ceramic,Oxide,Material Name: K2MnP2O7. Category: Ceramic. Subcategory: Oxide. Formula: K2MnP2O7. Density: 3.165 g/cm3. Notes: JVASP-98090.
LaFe5H2,Metal,Ferrous,Material Name: LaFe5H2. Category: Metal. Subcategory: Ferrous. Formula: LaFe5H2. Density: 7.289 g/cm3. Notes: JVASP-91848.
FeP3O9,Ceramic,Oxide,Material Name: FeP3O9. Category: Ceramic. Subcategory: Oxide. Formula: FeP3O9. Density: 3.056 g/cm3. Notes: JVASP-48310.
Sc3RhC4,Ceramic,Carbide,Material Name: Sc3RhC4. Category: Ceramic. Subcategory: Carbide. Formula: Sc3RhC4. Density: 5.086 g/cm3. Notes: JVASP-91794.
V4O3F9,Ceramic,Oxide,Material Name: V4O3F9. Category: Ceramic. Subcategory: Oxide. Formula: V4O3F9. Density: 3.528 g/cm3. Notes: JVASP-42804.
NaLi5N2,Ceramic,Nitride,Material Name: NaLi5N2. Category: Ceramic. Subcategory: Nitride. Formula: NaLi5N2. Density: 1.45 g/cm3. Notes: JVASP-86845.
CoIN2O2,Ceramic,Oxide,Material Name: CoIN2O2. Category: Ceramic. Subcategory: Oxide. Formula: CoIN2O2. Density: 3.325 g/cm3. Notes: JVASP-97500.
Na2TiO3,Ceramic,Oxide,Material Name: Na2TiO3. Category: Ceramic. Subcategory: Oxide. Formula: Na2TiO3. Density: 3.533 g/cm3. Notes: JVASP-52477.
Li2CuO2,Ceramic,Oxide,Material Name: Li2CuO2. Category: Ceramic. Subcategory: Oxide. Formula: Li2CuO2. Density: 3.682 g/cm3. Youngs Modulus: 126.81528035358347 GPa. Notes: JVASP-15431.
Li3CoOF3,Ceramic,Oxide,Material Name: Li3CoOF3. Category: Ceramic. Subcategory: Oxide. Formula: Li3CoOF3. Density: 3.679 g/cm3. Notes: JVASP-48462.
TiCo3,Metal,Non-Ferrous,Material Name: TiCo3. Category: Metal. Subcategory: Non-Ferrous. Formula: TiCo3. Density: 8.163 g/cm3. Notes: JVASP-91939.
LiFeCoO4,Ceramic,Oxide,Material Name: LiFeCoO4. Category: Ceramic. Subcategory: Oxide. Formula: LiFeCoO4. Density: 4.709 g/cm3. Notes: JVASP-47623.
BaNiF6,Ceramic,Mixed,Material Name: BaNiF6. Category: Ceramic. Subcategory: Mixed. Formula: BaNiF6. Density: 4.671 g/cm3. Youngs Modulus: 71.9003782966899 GPa. Notes: JVASP-85447.
Sr2H6Os,Metal,Non-Ferrous,Material Name: Sr2H6Os. Category: Metal. Subcategory: Non-Ferrous. Formula: Sr2H6Os. Density: 5.584 g/cm3. Youngs Modulus: 83.49253958587089 GPa. Notes: JVASP-90336.
TiAlNi6,Metal,Superalloy,Material Name: TiAlNi6. Category: Metal. Subcategory: Superalloy. Formula: TiAlNi6. Density: 7.791 g/cm3. Notes: JVASP-107736.
HfScCo2,Metal,Non-Ferrous,Material Name: HfScCo2. Category: Metal. Subcategory: Non-Ferrous. Formula: HfScCo2. Density: 9.309 g/cm3. Notes: JVASP-41360.
LiFe2O2F3,Ceramic,Oxide,Material Name: LiFe2O2F3. Category: Ceramic. Subcategory: Oxide. Formula: LiFe2O2F3. Density: 3.685 g/cm3. Notes: JVASP-42721.
BeTl4W,Metal,Non-Ferrous,Material Name: BeTl4W. Category: Metal. Subcategory: Non-Ferrous. Formula: BeTl4W. Density: 11.115 g/cm3. Notes: JVASP-65102.
Ni2Sn4Au,Metal,Superalloy,Material Name: Ni2Sn4Au. Category: Metal. Subcategory: Superalloy. Formula: Ni2Sn4Au. Density: 9.116 g/cm3. Notes: JVASP-86779.
NdMgSi2,Ceramic,Mixed,Material Name: NdMgSi2. Category: Ceramic. Subcategory: Mixed. Formula: NdMgSi2. Density: 4.434 g/cm3. Notes: JVASP-86678.
Ba4LaGe,Metal,Non-Ferrous,Material Name: Ba4LaGe. Category: Metal. Subcategory: Non-Ferrous. Formula: Ba4LaGe. Density: 4.802 g/cm3. Notes: JVASP-64585.
Ce2Nd2O7,Ceramic,Oxide,Material Name: Ce2Nd2O7. Category: Ceramic. Subcategory: Oxide. Formula: Ce2Nd2O7. Density: 6.6 g/cm3. Notes: JVASP-49949.
YbIn2Pt,Metal,Non-Ferrous,Material Name: YbIn2Pt. Category: Metal. Subcategory: Non-Ferrous. Formula: YbIn2Pt. Density: 11.02 g/cm3. Notes: JVASP-91746.
KGaCl4,Ceramic,Mixed,Material Name: KGaCl4. Category: Ceramic. Subcategory: Mixed. Formula: KGaCl4. Density: 2.468 g/cm3. Notes: JVASP-97379.
LaZn5,Metal,Non-Ferrous,Material Name: LaZn5. Category: Metal. Subcategory: Non-Ferrous. Formula: LaZn5. Density: 6.987 g/cm3. Notes: JVASP-86369.
Tc3Pd,Metal,Non-Ferrous,Material Name: Tc3Pd. Category: Metal. Subcategory: Non-Ferrous. Formula: Tc3Pd. Density: 11.431 g/cm3. Notes: JVASP-91989.
La4Ni3O8,Ceramic,Oxide,Material Name: La4Ni3O8. Category: Ceramic. Subcategory: Oxide. Formula: La4Ni3O8. Density: 6.945 g/cm3. Notes: JVASP-86026.
Fe11Co5,Metal,Ferrous,Material Name: Fe11Co5. Category: Metal. Subcategory: Ferrous. Formula: Fe11Co5. Density: 8.252 g/cm3. Notes: JVASP-85365.
Mn6O7F5,Ceramic,Oxide,Material Name: Mn6O7F5. Category: Ceramic. Subcategory: Oxide. Formula: Mn6O7F5. Density: 4.628 g/cm3. Notes: JVASP-42540.
TbB3O6,Ceramic,Oxide,Material Name: TbB3O6. Category: Ceramic. Subcategory: Oxide. Formula: TbB3O6. Density: 4.82 g/cm3. Notes: JVASP-88121.
VOF3,Ceramic,Oxide,Material Name: VOF3. Category: Ceramic. Subcategory: Oxide. Formula: VOF3. Density: 3.236 g/cm3. Youngs Modulus: 34.76379402077527 GPa. Notes: JVASP-48645.
PrAlH6,Metal,Non-Ferrous,Material Name: PrAlH6. Category: Metal. Subcategory: Non-Ferrous. Formula: PrAlH6. Density: 3.79 g/cm3. Youngs Modulus: 132.30036449320716 GPa. Notes: JVASP-90812.
Li2Mn2F7,Ceramic,Mixed,Material Name: Li2Mn2F7. Category: Ceramic. Subcategory: Mixed. Formula: Li2Mn2F7. Density: 3.041 g/cm3. Notes: JVASP-48922.
P6H24N6O19,Unknown,,Material Name: P6H24N6O19. Category: Unknown. Formula: P6H24N6O19. Density: 1.943 g/cm3. Notes: JVASP-88347.
RbAlO3,Ceramic,Oxide,Material Name: RbAlO3. Category: Ceramic. Subcategory: Oxide. Formula: RbAlO3. Density: 4.399 g/cm3. Notes: JVASP-38346.
Ba2MgH6,Metal,Non-Ferrous,Material Name: Ba2MgH6. Category: Metal. Subcategory: Non-Ferrous. Formula: Ba2MgH6. Density: 3.949 g/cm3. Youngs Modulus: 78.75977175645521 GPa. Notes: JVASP-85665.
LiYO3,Ceramic,Oxide,Material Name: LiYO3. Category: Ceramic. Subcategory: Oxide. Formula: LiYO3. Density: 4.894 g/cm3. Notes: JVASP-38540.
Tl6TeO6,Ceramic,Oxide,Material Name: Tl6TeO6. Category: Ceramic. Subcategory: Oxide. Formula: Tl6TeO6. Density: 8.443 g/cm3. Youngs Modulus: 22.67269623618301 GPa. Notes: JVASP-4591.
RePbClO4,Ceramic,Oxide,Material Name: RePbClO4. Category: Ceramic. Subcategory: Oxide. Formula: RePbClO4. Density: 6.767 g/cm3. Youngs Modulus: 43.78547120418849 GPa. Notes: JVASP-86570.
RbF3,Ceramic,Mixed,Material Name: RbF3. Category: Ceramic. Subcategory: Mixed. Formula: RbF3. Density: 3.552 g/cm3. Youngs Modulus: 11.570023436536326 GPa. Notes: JVASP-38312.
RbBi,Metal,Non-Ferrous,Material Name: RbBi. Category: Metal. Subcategory: Non-Ferrous. Formula: RbBi. Density: 5.509 g/cm3. Notes: JVASP-98226.
KH2I3O,Ceramic,Oxide,Material Name: KH2I3O. Category: Ceramic. Subcategory: Oxide. Formula: KH2I3O. Density: 3.771 g/cm3. Youngs Modulus: 16.34862661902635 GPa. Notes: JVASP-85785.
HoCoSi2,Ceramic,Mixed,Material Name: HoCoSi2. Category: Ceramic. Subcategory: Mixed. Formula: HoCoSi2. Density: 7.155 g/cm3. Notes: JVASP-87103.
RbLiO3,Ceramic,Oxide,Material Name: RbLiO3. Category: Ceramic. Subcategory: Oxide. Formula: RbLiO3. Density: 3.368 g/cm3. Youngs Modulus: 13.020142180094789 GPa. Notes: JVASP-38306.
V2O3F,Ceramic,Oxide,Material Name: V2O3F. Category: Ceramic. Subcategory: Oxide. Formula: V2O3F. Density: 4.459 g/cm3. Notes: JVASP-42221.
LiHS,Ceramic,Mixed,Material Name: LiHS. Category: Ceramic. Subcategory: Mixed. Formula: LiHS. Density: 1.436 g/cm3. Youngs Modulus: 15.443950665622552 GPa. Notes: JVASP-85713.
MnSe2O6,Ceramic,Oxide,Material Name: MnSe2O6. Category: Ceramic. Subcategory: Oxide. Formula: MnSe2O6. Density: 4.124 g/cm3. Youngs Modulus: 81.51346008968609 GPa. Notes: JVASP-87207.
UInPt,Metal,Non-Ferrous,Material Name: UInPt. Category: Metal. Subcategory: Non-Ferrous. Formula: UInPt. Density: 13.84 g/cm3. Youngs Modulus: 113.5845899333827 GPa. Notes: JVASP-90168.
TiFeCoAs,Metal,Ferrous,Material Name: TiFeCoAs. Category: Metal. Subcategory: Ferrous. Formula: TiFeCoAs. Density: 7.915 g/cm3. Youngs Modulus: 29.529734868490547 GPa. Notes: JVASP-37035.
Yb2InCu2,Metal,Non-Ferrous,Material Name: Yb2InCu2. Category: Metal. Subcategory: Non-Ferrous. Formula: Yb2InCu2. Density: 9.516 g/cm3. Notes: JVASP-97801.
BeNi4Ru,Metal,Superalloy,Material Name: BeNi4Ru. Category: Metal. Subcategory: Superalloy. Formula: BeNi4Ru. Density: 8.2 g/cm3. Notes: JVASP-64946.
Eu2I2O,Ceramic,Oxide,Material Name: Eu2I2O. Category: Ceramic. Subcategory: Oxide. Formula: Eu2I2O. Density: 7.115 g/cm3. Youngs Modulus: 34.36077664097794 GPa. Notes: JVASP-85922.
NaH2SO4,Ceramic,Oxide,Material Name: NaH2SO4. Category: Ceramic. Subcategory: Oxide. Formula: NaH2SO4. Density: 2.24 g/cm3. Notes: JVASP-98932.
Ag3O4,Ceramic,Oxide,Material Name: Ag3O4. Category: Ceramic. Subcategory: Oxide. Formula: Ag3O4. Density: 6.924 g/cm3. Notes: JVASP-85852.
CeN,Ceramic,Nitride,Material Name: CeN. Category: Ceramic. Subcategory: Nitride. Formula: CeN. Density: 8.022 g/cm3. Youngs Modulus: 216.8693498452012 GPa. Notes: JVASP-14575.
LaIn5Co,Metal,Non-Ferrous,Material Name: LaIn5Co. Category: Metal. Subcategory: Non-Ferrous. Formula: LaIn5Co. Density: 7.656 g/cm3. Notes: JVASP-98701.
Ba4ZrCu,Metal,Non-Ferrous,Material Name: Ba4ZrCu. Category: Metal. Subcategory: Non-Ferrous. Formula: Ba4ZrCu. Density: 4.662 g/cm3. Notes: JVASP-64188.
Nb2FeO6,Ceramic,Oxide,Material Name: Nb2FeO6. Category: Ceramic. Subcategory: Oxide. Formula: Nb2FeO6. Density: 5.72 g/cm3. Notes: JVASP-88512.
SiNi,Ceramic,Mixed,Material Name: SiNi. Category: Ceramic. Subcategory: Mixed. Formula: SiNi. Density: 6.161 g/cm3. Youngs Modulus: 116.6410649720609 GPa. Notes: JVASP-90627.
ThTi2O6,Ceramic,Oxide,Material Name: ThTi2O6. Category: Ceramic. Subcategory: Oxide. Formula: ThTi2O6. Density: 5.971 g/cm3. Youngs Modulus: 186.12088883901015 GPa. Notes: JVASP-86502.
Ba4TaCo,Metal,Non-Ferrous,Material Name: Ba4TaCo. Category: Metal. Subcategory: Non-Ferrous. Formula: Ba4TaCo. Density: 5.759 g/cm3. Notes: JVASP-63915.
Mn2SiRu,Ceramic,Mixed,Material Name: Mn2SiRu. Category: Ceramic. Subcategory: Mixed. Formula: Mn2SiRu. Density: 8.16 g/cm3. Youngs Modulus: 178.10899642183333 GPa. Notes: JVASP-37194.
Mn3Ga,Metal,Non-Ferrous,Material Name: Mn3Ga. Category: Metal. Subcategory: Non-Ferrous. Formula: Mn3Ga. Density: 8.327 g/cm3. Notes: JVASP-37189.
TiFe2As,Metal,Ferrous,Material Name: TiFe2As. Category: Metal. Subcategory: Ferrous. Formula: TiFe2As. Density: 7.972 g/cm3. Youngs Modulus: 68.82484358945989 GPa. Notes: JVASP-37044.
RbZnO3,Ceramic,Oxide,Material Name: RbZnO3. Category: Ceramic. Subcategory: Oxide. Formula: RbZnO3. Density: 4.702 g/cm3. Notes: JVASP-38278.
ThN,Unknown,,Material Name: ThN. Category: Unknown. Formula: ThN. Density: 11.732 g/cm3. Notes: JVASP-19857.
NaSrO3,Ceramic,Oxide,Material Name: NaSrO3. Category: Ceramic. Subcategory: Oxide. Formula: NaSrO3. Density: 3.637 g/cm3. Notes: JVASP-38694.
Co3Bi,Metal,Non-Ferrous,Material Name: Co3Bi. Category: Metal. Subcategory: Non-Ferrous. Formula: Co3Bi. Density: 11.548 g/cm3. Youngs Modulus: 128.46799867138196 GPa. Notes: JVASP-37946.
Ti2GaFe,Metal,Ferrous,Material Name: Ti2GaFe. Category: Metal. Subcategory: Ferrous. Formula: Ti2GaFe. Density: 6.543 g/cm3. Youngs Modulus: 81.66994346425447 GPa. Notes: JVASP-37051.
RbNiO3,Ceramic,Oxide,Material Name: RbNiO3. Category: Ceramic. Subcategory: Oxide. Formula: RbNiO3. Density: 5.237 g/cm3. Notes: JVASP-38325.
BaNaSc,Metal,Non-Ferrous,Material Name: BaNaSc. Category: Metal. Subcategory: Non-Ferrous. Formula: BaNaSc. Density: 2.595 g/cm3. Notes: JVASP-64005.
HoAg,Metal,Non-Ferrous,Material Name: HoAg. Category: Metal. Subcategory: Non-Ferrous. Formula: HoAg. Density: 9.792 g/cm3. Youngs Modulus: 83.30667899237348 GPa. Notes: JVASP-15056.
Ba4CuSe,Metal,Non-Ferrous,Material Name: Ba4CuSe. Category: Metal. Subcategory: Non-Ferrous. Formula: Ba4CuSe. Density: 4.82 g/cm3. Notes: JVASP-64131.
TiFe2Sb,Metal,Ferrous,Material Name: TiFe2Sb. Category: Metal. Subcategory: Ferrous. Formula: TiFe2Sb. Density: 8.471 g/cm3. Youngs Modulus: 120.99044036055244 GPa. Notes: JVASP-37031.
Ca3La3B5O15,Ceramic,Oxide,Material Name: Ca3La3B5O15. Category: Ceramic. Subcategory: Oxide. Formula: Ca3La3B5O15. Density: 4.478 g/cm3. Notes: JVASP-98615.
NdTe,Metal,Non-Ferrous,Material Name: NdTe. Category: Metal. Subcategory: Non-Ferrous. Formula: NdTe. Density: 7.022 g/cm3. Youngs Modulus: 88.35350756533701 GPa. Notes: JVASP-14789.
La3CuSnS7,Ceramic,Mixed,Material Name: La3CuSnS7. Category: Ceramic. Subcategory: Mixed. Formula: La3CuSnS7. Density: 4.858 g/cm3. Notes: JVASP-98038.
MoWSe2S2,Ceramic,Mixed,Material Name: MoWSe2S2. Category: Ceramic. Subcategory: Mixed. Formula: MoWSe2S2. Density: 5.281 g/cm3. Notes: JVASP-28636.
RbCrF5,Ceramic,Mixed,Material Name: RbCrF5. Category: Ceramic. Subcategory: Mixed. Formula: RbCrF5. Density: 3.7 g/cm3. Notes: JVASP-97916.
LaAs,Metal,Non-Ferrous,Material Name: LaAs. Category: Metal. Subcategory: Non-Ferrous. Formula: LaAs. Density: 5.997 g/cm3. Notes: JVASP-18944.
Be2RuPb,Metal,Non-Ferrous,Material Name: Be2RuPb. Category: Metal. Subcategory: Non-Ferrous. Formula: Be2RuPb. Density: 9.706 g/cm3. Youngs Modulus: 89.1034265526388 GPa. Notes: JVASP-64985.
Ba4NiBr,Metal,Non-Ferrous,Material Name: Ba4NiBr. Category: Metal. Subcategory: Non-Ferrous. Formula: Ba4NiBr. Density: 3.032 g/cm3. Notes: JVASP-64784.
BaSrCd,Metal,Non-Ferrous,Material Name: BaSrCd. Category: Metal. Subcategory: Non-Ferrous. Formula: BaSrCd. Density: 4.249 g/cm3. Notes: JVASP-64093.
TmFeO3,Ceramic,Oxide,Material Name: TmFeO3. Category: Ceramic. Subcategory: Oxide. Formula: TmFeO3. Density: 7.543 g/cm3. Notes: JVASP-98551.
RuPbO3,Ceramic,Oxide,Material Name: RuPbO3. Category: Ceramic. Subcategory: Oxide. Formula: RuPbO3. Density: 9.408 g/cm3. Youngs Modulus: 107.24267289529806 GPa. Notes: JVASP-39448.
Ti2GaNi,Metal,Superalloy,Material Name: Ti2GaNi. Category: Metal. Subcategory: Superalloy. Formula: Ti2GaNi. Density: 6.386 g/cm3. Notes: JVASP-37049.
Li2GaPt,Metal,Non-Ferrous,Material Name: Li2GaPt. Category: Metal. Subcategory: Non-Ferrous. Formula: Li2GaPt. Density: 8.375 g/cm3. Notes: JVASP-15260.
Ba4LiSn,Metal,Non-Ferrous,Material Name: Ba4LiSn. Category: Metal. Subcategory: Non-Ferrous. Formula: Ba4LiSn. Density: 4.254 g/cm3. Notes: JVASP-64429.
VP4,Ceramic,Mixed,Material Name: VP4. Category: Ceramic. Subcategory: Mixed. Formula: VP4. Density: 3.598 g/cm3. Youngs Modulus: 204.7684779615932 GPa. Notes: JVASP-87040.
Mn,Metal,Non-Ferrous,Material Name: Mn. Category: Metal. Subcategory: Non-Ferrous. Formula: Mn. Density: 8.517 g/cm3. Youngs Modulus: 332.1784706185301 GPa. Notes: JVASP-16080.
Si2Ru,Ceramic,Mixed,Material Name: Si2Ru. Category: Ceramic. Subcategory: Mixed. Formula: Si2Ru. Density: 5.888 g/cm3. Youngs Modulus: 240.70787060364805 GPa. Notes: JVASP-14914.
Ti3Ge,Metal,Non-Ferrous,Material Name: Ti3Ge. Category: Metal. Subcategory: Non-Ferrous. Formula: Ti3Ge. Density: 5.647 g/cm3. Youngs Modulus: 100.93782546771274 GPa. Notes: JVASP-37042.
Ca3CdO4,Ceramic,Oxide,Material Name: Ca3CdO4. Category: Ceramic. Subcategory: Oxide. Formula: Ca3CdO4. Density: 4.476 g/cm3. Youngs Modulus: 179.79052830277166 GPa. Notes: JVASP-107773.
Mn2SnRu,Metal,Non-Ferrous,Material Name: Mn2SnRu. Category: Metal. Subcategory: Non-Ferrous. Formula: Mn2SnRu. Density: 9.319 g/cm3. Youngs Modulus: 49.56771895485182 GPa. Notes: JVASP-37191.
Ti3Sn,Metal,Non-Ferrous,Material Name: Ti3Sn. Category: Metal. Subcategory: Non-Ferrous. Formula: Ti3Sn. Density: 6.117 g/cm3. Youngs Modulus: 74.1302972835813 GPa. Notes: JVASP-37039.
Na3Hg2,Metal,Non-Ferrous,Material Name: Na3Hg2. Category: Metal. Subcategory: Non-Ferrous. Formula: Na3Hg2. Density: 5.647 g/cm3. Notes: JVASP-97337.
Ba4NbFe,Metal,Ferrous,Material Name: Ba4NbFe. Category: Metal. Subcategory: Ferrous. Formula: Ba4NbFe. Density: 5.031 g/cm3. Notes: JVASP-64316.
Sc2MnGe,Metal,Non-Ferrous,Material Name: Sc2MnGe. Category: Metal. Subcategory: Non-Ferrous. Formula: Sc2MnGe. Density: 5.484 g/cm3. Youngs Modulus: 54.22720930963987 GPa. Notes: JVASP-37104.
Ba4LaTc,Metal,Non-Ferrous,Material Name: Ba4LaTc. Category: Metal. Subcategory: Non-Ferrous. Formula: Ba4LaTc. Density: 5.651 g/cm3. Notes: JVASP-64047.
MgMnRh2,Metal,Non-Ferrous,Material Name: MgMnRh2. Category: Metal. Subcategory: Non-Ferrous. Formula: MgMnRh2. Density: 8.279 g/cm3. Notes: JVASP-38842.
Ba4LiPb,Metal,Non-Ferrous,Material Name: Ba4LiPb. Category: Metal. Subcategory: Non-Ferrous. Formula: Ba4LiPb. Density: 4.705 g/cm3. Notes: JVASP-64528.
Ba4HfCu,Metal,Non-Ferrous,Material Name: Ba4HfCu. Category: Metal. Subcategory: Non-Ferrous. Formula: Ba4HfCu. Density: 5.347 g/cm3. Notes: JVASP-64244.
Ba4TlTe,Metal,Non-Ferrous,Material Name: Ba4TlTe. Category: Metal. Subcategory: Non-Ferrous. Formula: Ba4TlTe. Density: 5.748 g/cm3. Notes: JVASP-64379.
CdH4S2O5,Ceramic,Oxide,Material Name: CdH4S2O5. Category: Ceramic. Subcategory: Oxide. Formula: CdH4S2O5. Density: 3.108 g/cm3. Notes: JVASP-98439.
Ti2InNi,Metal,Superalloy,Material Name: Ti2InNi. Category: Metal. Subcategory: Superalloy. Formula: Ti2InNi. Density: 6.874 g/cm3. Youngs Modulus: 55.7472727771228 GPa. Notes: JVASP-37057.
Ba4BiPd,Metal,Non-Ferrous,Material Name: Ba4BiPd. Category: Metal. Subcategory: Non-Ferrous. Formula: Ba4BiPd. Density: 6.084 g/cm3. Notes: JVASP-63958.
Ba4TiSe,Metal,Non-Ferrous,Material Name: Ba4TiSe. Category: Metal. Subcategory: Non-Ferrous. Formula: Ba4TiSe. Density: 4.538 g/cm3. Notes: JVASP-64670.
AgNO3,Ceramic,Oxide,Material Name: AgNO3. Category: Ceramic. Subcategory: Oxide. Formula: AgNO3. Density: 4.598 g/cm3. Notes: JVASP-97854.
Al9Co2,Metal,Non-Ferrous,Material Name: Al9Co2. Category: Metal. Subcategory: Non-Ferrous. Formula: Al9Co2. Density: 3.569 g/cm3. Youngs Modulus: 174.55121132165985 GPa. Notes: JVASP-11958.
TlCoF3,Ceramic,Mixed,Material Name: TlCoF3. Category: Ceramic. Subcategory: Mixed. Formula: TlCoF3. Density: 7.5 g/cm3. Youngs Modulus: 83.53098591549296 GPa. Notes: JVASP-36885.
HoMn12,Metal,Non-Ferrous,Material Name: HoMn12. Category: Metal. Subcategory: Non-Ferrous. Formula: HoMn12. Density: 8.859 g/cm3. Notes: JVASP-97988.
ErSbPd,Metal,Non-Ferrous,Material Name: ErSbPd. Category: Metal. Subcategory: Non-Ferrous. Formula: ErSbPd. Density: 9.339 g/cm3. Youngs Modulus: 113.81412234447863 GPa. Notes: JVASP-1750.
Ba4GaCu,Metal,Non-Ferrous,Material Name: Ba4GaCu. Category: Metal. Subcategory: Non-Ferrous. Formula: Ba4GaCu. Density: 4.639 g/cm3. Youngs Modulus: -3.7152 GPa. Notes: JVASP-64724.
MnAgO2,Ceramic,Oxide,Material Name: MnAgO2. Category: Ceramic. Subcategory: Oxide. Formula: MnAgO2. Density: 6.401 g/cm3. Youngs Modulus: 87.38312632052926 GPa. Notes: JVASP-36782.
Ba4ScNb,Metal,Non-Ferrous,Material Name: Ba4ScNb. Category: Metal. Subcategory: Non-Ferrous. Formula: Ba4ScNb. Density: 4.882 g/cm3. Notes: JVASP-64865.
MnAuO2,Ceramic,Oxide,Material Name: MnAuO2. Category: Ceramic. Subcategory: Oxide. Formula: MnAuO2. Density: 9.271 g/cm3. Youngs Modulus: 100.94131248737996 GPa. Notes: JVASP-36857.
VFeRu2,Metal,Ferrous,Material Name: VFeRu2. Category: Metal. Subcategory: Ferrous. Formula: VFeRu2. Density: 9.608 g/cm3. Youngs Modulus: 150.25676325125625 GPa. Notes: JVASP-37583.
Ni3Hg,Metal,Non-Ferrous,Material Name: Ni3Hg. Category: Metal. Subcategory: Non-Ferrous. Formula: Ni3Hg. Density: 11.846 g/cm3. Youngs Modulus: 147.9803317535545 GPa. Notes: JVASP-39364.
Li3P7,Ceramic,Mixed,Material Name: Li3P7. Category: Ceramic. Subcategory: Mixed. Formula: Li3P7. Density: 2.021 g/cm3. Notes: JVASP-98496.
TeMoWSe2S,Ceramic,Mixed,Material Name: TeMoWSe2S. Category: Ceramic. Subcategory: Mixed. Formula: TeMoWSe2S. Density: 5.378 g/cm3. Youngs Modulus: 2.2514249525015835 GPa. Notes: JVASP-28962.
Be2TlIr,Metal,Non-Ferrous,Material Name: Be2TlIr. Category: Metal. Subcategory: Non-Ferrous. Formula: Be2TlIr. Density: 12.508 g/cm3. Youngs Modulus: -41.78480738822559 GPa. Notes: JVASP-64907.
Mg4BeRu,Metal,Non-Ferrous,Material Name: Mg4BeRu. Category: Metal. Subcategory: Non-Ferrous. Formula: Mg4BeRu. Density: 3.221 g/cm3. Notes: JVASP-65023.
B2CN,Ceramic,Non-Oxide,Material Name: B2CN. Category: Ceramic. Subcategory: Non-Oxide. Formula: B2CN. Density: 3.123 g/cm3. Youngs Modulus: 728.6979025389836 GPa. Notes: JVASP-91700.
Na2LiAlP2,Ceramic,Mixed,Material Name: Na2LiAlP2. Category: Ceramic. Subcategory: Mixed. Formula: Na2LiAlP2. Density: 2.078 g/cm3. Notes: JVASP-98174.
Ti4CuAg,Metal,Non-Ferrous,Material Name: Ti4CuAg. Category: Metal. Subcategory: Non-Ferrous. Formula: Ti4CuAg. Density: 6.218 g/cm3. Notes: JVASP-107737.
K3Sb,Metal,Non-Ferrous,Material Name: K3Sb. Category: Metal. Subcategory: Non-Ferrous. Formula: K3Sb. Density: 2.352 g/cm3. Notes: JVASP-90429.
TiS2,Ceramic,Mixed,Material Name: TiS2. Category: Ceramic. Subcategory: Mixed. Formula: TiS2. Density: 3.224 g/cm3. Youngs Modulus: 83.68588116478706 GPa. Notes: JVASP-323.
CdP2O6,Ceramic,Oxide,Material Name: CdP2O6. Category: Ceramic. Subcategory: Oxide. Formula: CdP2O6. Density: 3.814 g/cm3. Notes: JVASP-97429.
PrMgAg,Metal,Non-Ferrous,Material Name: PrMgAg. Category: Metal. Subcategory: Non-Ferrous. Formula: PrMgAg. Density: 5.971 g/cm3. Notes: JVASP-89958.
SrCaO3,Ceramic,Oxide,Material Name: SrCaO3. Category: Ceramic. Subcategory: Oxide. Formula: SrCaO3. Density: 3.552 g/cm3. Youngs Modulus: 77.95876873615153 GPa. Notes: JVASP-37300.
KInO3,Ceramic,Oxide,Material Name: KInO3. Category: Ceramic. Subcategory: Oxide. Formula: KInO3. Density: 4.306 g/cm3. Youngs Modulus: 89.67670878436995 GPa. Notes: JVASP-38181.
ZnTe,Metal,Non-Ferrous,Material Name: ZnTe. Category: Metal. Subcategory: Non-Ferrous. Formula: ZnTe. Density: 5.474 g/cm3. Youngs Modulus: 59.67544101952412 GPa. Notes: JVASP-1198.
RbSrO3,Ceramic,Oxide,Material Name: RbSrO3. Category: Ceramic. Subcategory: Oxide. Formula: RbSrO3. Density: 3.339 g/cm3. Notes: JVASP-38289.
Th3U,Unknown,,Material Name: Th3U. Category: Unknown. Formula: Th3U. Density: 12.751 g/cm3. Youngs Modulus: 101.07430182599356 GPa. Notes: JVASP-37387.
RbCaO3,Ceramic,Oxide,Material Name: RbCaO3. Category: Ceramic. Subcategory: Oxide. Formula: RbCaO3. Density: 3.024 g/cm3. Youngs Modulus: 47.67029945735915 GPa. Notes: JVASP-38327.
Mn3O4F2,Ceramic,Oxide,Material Name: Mn3O4F2. Category: Ceramic. Subcategory: Oxide. Formula: Mn3O4F2. Density: 4.655 g/cm3. Notes: JVASP-48092.
Mn2FeO3,Ceramic,Oxide,Material Name: Mn2FeO3. Category: Ceramic. Subcategory: Oxide. Formula: Mn2FeO3. Density: 5.729 g/cm3. Notes: JVASP-47532.
Te8Mo3W,Metal,Non-Ferrous,Material Name: Te8Mo3W. Category: Metal. Subcategory: Non-Ferrous. Formula: Te8Mo3W. Density: 5.915 g/cm3. Notes: JVASP-29105.
Ba4CdSn,Metal,Non-Ferrous,Material Name: Ba4CdSn. Category: Metal. Subcategory: Non-Ferrous. Formula: Ba4CdSn. Density: 5.08 g/cm3. Notes: JVASP-64586.
CrCuO2,Ceramic,Oxide,Material Name: CrCuO2. Category: Ceramic. Subcategory: Oxide. Formula: CrCuO2. Density: 6.197 g/cm3. Youngs Modulus: 227.31936185409225 GPa. Notes: JVASP-22557.
FeAu3,Metal,Ferrous,Material Name: FeAu3. Category: Metal. Subcategory: Ferrous. Formula: FeAu3. Density: 16.004 g/cm3. Youngs Modulus: 78.83528958394014 GPa. Notes: JVASP-39275.
Mg9Si5,Ceramic,Mixed,Material Name: Mg9Si5. Category: Ceramic. Subcategory: Mixed. Formula: Mg9Si5. Density: 2.195 g/cm3. Notes: JVASP-97624.
Li,Metal,Non-Ferrous,Material Name: Li. Category: Metal. Subcategory: Non-Ferrous. Formula: Li. Density: 0.585 g/cm3. Youngs Modulus: 17.610447761194028 GPa. Notes: JVASP-14757.
NaCrO2,Ceramic,Oxide,Material Name: NaCrO2. Category: Ceramic. Subcategory: Oxide. Formula: NaCrO2. Density: 4.614 g/cm3. Youngs Modulus: 217.63579806494872 GPa. Notes: JVASP-22671.
CoF2,Ceramic,Mixed,Material Name: CoF2. Category: Ceramic. Subcategory: Mixed. Formula: CoF2. Density: 5.039 g/cm3. Youngs Modulus: 123.51080718348564 GPa. Notes: JVASP-22514.
LiGa2Rh,Metal,Non-Ferrous,Material Name: LiGa2Rh. Category: Metal. Subcategory: Non-Ferrous. Formula: LiGa2Rh. Density: 7.372 g/cm3. Notes: JVASP-15478.
CoTe2,Metal,Non-Ferrous,Material Name: CoTe2. Category: Metal. Subcategory: Non-Ferrous. Formula: CoTe2. Density: 7.521 g/cm3. Youngs Modulus: 70.1514545731089 GPa. Notes: JVASP-28353.
Tl2MoO4,Ceramic,Oxide,Material Name: Tl2MoO4. Category: Ceramic. Subcategory: Oxide. Formula: Tl2MoO4. Density: 6.905 g/cm3. Notes: JVASP-89035.
CeSi2Ir,Ceramic,Mixed,Material Name: CeSi2Ir. Category: Ceramic. Subcategory: Mixed. Formula: CeSi2Ir. Density: 8.64 g/cm3. Notes: JVASP-91521.
KBaO3,Ceramic,Oxide,Material Name: KBaO3. Category: Ceramic. Subcategory: Oxide. Formula: KBaO3. Density: 3.036 g/cm3. Notes: JVASP-39244.
RbBaO3,Ceramic,Oxide,Material Name: RbBaO3. Category: Ceramic. Subcategory: Oxide. Formula: RbBaO3. Density: 3.633 g/cm3. Notes: JVASP-38332.
H4PbC2O6,Ceramic,Oxide,Material Name: H4PbC2O6. Category: Ceramic. Subcategory: Oxide. Formula: H4PbC2O6. Density: 3.976 g/cm3. Notes: JVASP-98291.
BePd4Rh,Metal,Non-Ferrous,Material Name: BePd4Rh. Category: Metal. Subcategory: Non-Ferrous. Formula: BePd4Rh. Density: 9.466 g/cm3. Notes: JVASP-65065.
HgBr2,Metal,Non-Ferrous,Material Name: HgBr2. Category: Metal. Subcategory: Non-Ferrous. Formula: HgBr2. Density: 6.136 g/cm3. Youngs Modulus: 15.79223977695167 GPa. Notes: JVASP-3648.
SmSi2Rh3,Ceramic,Mixed,Material Name: SmSi2Rh3. Category: Ceramic. Subcategory: Mixed. Formula: SmSi2Rh3. Density: 8.66 g/cm3. Notes: JVASP-86727.
CeSiIr,Ceramic,Mixed,Material Name: CeSiIr. Category: Ceramic. Subcategory: Mixed. Formula: CeSiIr. Density: 9.435 g/cm3. Notes: JVASP-98702.
H3ClO5,Unknown,,Material Name: H3ClO5. Category: Unknown. Formula: H3ClO5. Density: 2.311 g/cm3. Notes: JVASP-97502.
Rb2O,Ceramic,Oxide,Material Name: Rb2O. Category: Ceramic. Subcategory: Oxide. Formula: Rb2O. Density: 4.002 g/cm3. Notes: JVASP-43624.
Ba4CoW,Metal,Non-Ferrous,Material Name: Ba4CoW. Category: Metal. Subcategory: Non-Ferrous. Formula: Ba4CoW. Density: 5.958 g/cm3. Notes: JVASP-64132.
BeTlSe4,Metal,Non-Ferrous,Material Name: BeTlSe4. Category: Metal. Subcategory: Non-Ferrous. Formula: BeTlSe4. Density: 6.057 g/cm3. Notes: JVASP-65103.
Ba4ZrSn,Metal,Non-Ferrous,Material Name: Ba4ZrSn. Category: Metal. Subcategory: Non-Ferrous. Formula: Ba4ZrSn. Density: 5.091 g/cm3. Notes: JVASP-64006.
Ba4TaBe,Metal,Non-Ferrous,Material Name: Ba4TaBe. Category: Metal. Subcategory: Non-Ferrous. Formula: Ba4TaBe. Density: 5.245 g/cm3. Notes: JVASP-63916.
NdAlNi,Metal,Superalloy,Material Name: NdAlNi. Category: Metal. Subcategory: Superalloy. Formula: NdAlNi. Density: 6.506 g/cm3. Notes: JVASP-89902.
K2O,Ceramic,Oxide,Material Name: K2O. Category: Ceramic. Subcategory: Oxide. Formula: K2O. Density: 2.411 g/cm3. Youngs Modulus: 32.60238222412136 GPa. Notes: JVASP-43427.
CdI2,Metal,Non-Ferrous,Material Name: CdI2. Category: Metal. Subcategory: Non-Ferrous. Formula: CdI2. Density: 5.562 g/cm3. Youngs Modulus: 24.227471992924524 GPa. Notes: JVASP-5485.
PrTiO3,Ceramic,Oxide,Material Name: PrTiO3. Category: Ceramic. Subcategory: Oxide. Formula: PrTiO3. Density: 6.454 g/cm3. Notes: JVASP-49894.
LiCoO2,Ceramic,Oxide,Material Name: LiCoO2. Category: Ceramic. Subcategory: Oxide. Formula: LiCoO2. Density: 5.009 g/cm3. Youngs Modulus: 237.1455891422896 GPa. Notes: JVASP-2017.
NiAgF3,Ceramic,Mixed,Material Name: NiAgF3. Category: Ceramic. Subcategory: Mixed. Formula: NiAgF3. Density: 5.897 g/cm3. Notes: JVASP-36921.
K3CrO4,Ceramic,Oxide,Material Name: K3CrO4. Category: Ceramic. Subcategory: Oxide. Formula: K3CrO4. Density: 2.632 g/cm3. Youngs Modulus: 17.695222554463907 GPa. Notes: JVASP-3396.
LiGa2Pd,Metal,Non-Ferrous,Material Name: LiGa2Pd. Category: Metal. Subcategory: Non-Ferrous. Formula: LiGa2Pd. Density: 7.096 g/cm3. Youngs Modulus: 94.86709265175718 GPa. Notes: JVASP-15528.
Zn2AgAu,Metal,Non-Ferrous,Material Name: Zn2AgAu. Category: Metal. Subcategory: Non-Ferrous. Formula: Zn2AgAu. Density: 11.246 g/cm3. Notes: JVASP-18822.
Li6TeO6,Ceramic,Oxide,Material Name: Li6TeO6. Category: Ceramic. Subcategory: Oxide. Formula: Li6TeO6. Density: 3.386 g/cm3. Notes: JVASP-42402.
GeTe,Unknown,,Material Name: GeTe. Category: Unknown. Formula: GeTe. Density: 5.926 g/cm3. Notes: JVASP-90857.
BaAl4O7,Ceramic,Oxide,Material Name: BaAl4O7. Category: Ceramic. Subcategory: Oxide. Formula: BaAl4O7. Density: 3.575 g/cm3. Notes: JVASP-98355.
V2CdP2O10,Ceramic,Oxide,Material Name: V2CdP2O10. Category: Ceramic. Subcategory: Oxide. Formula: V2CdP2O10. Density: 4.358 g/cm3. Notes: JVASP-98801.
Na3CuO2,Ceramic,Oxide,Material Name: Na3CuO2. Category: Ceramic. Subcategory: Oxide. Formula: Na3CuO2. Density: 3.306 g/cm3. Youngs Modulus: 79.53468262067557 GPa. Notes: JVASP-49776.
SrV6O11,Ceramic,Oxide,Material Name: SrV6O11. Category: Ceramic. Subcategory: Oxide. Formula: SrV6O11. Density: 4.594 g/cm3. Notes: JVASP-98091.
Li3TiP2O8,Ceramic,Oxide,Material Name: Li3TiP2O8. Category: Ceramic. Subcategory: Oxide. Formula: Li3TiP2O8. Density: 3.008 g/cm3. Notes: JVASP-50691.
Te2Mo3S4,Ceramic,Mixed,Material Name: Te2Mo3S4. Category: Ceramic. Subcategory: Mixed. Formula: Te2Mo3S4. Density: 5.966 g/cm3. Notes: JVASP-28566.
NdAl3Br12,Metal,Non-Ferrous,Material Name: NdAl3Br12. Category: Metal. Subcategory: Non-Ferrous. Formula: NdAl3Br12. Density: 3.512 g/cm3. Notes: JVASP-14223.
Li3Fe5O10,Ceramic,Oxide,Material Name: Li3Fe5O10. Category: Ceramic. Subcategory: Oxide. Formula: Li3Fe5O10. Density: 4.666 g/cm3. Notes: JVASP-47765.
NaNdS2,Ceramic,Mixed,Material Name: NaNdS2. Category: Ceramic. Subcategory: Mixed. Formula: NaNdS2. Density: 3.986 g/cm3. Youngs Modulus: 85.38522906872062 GPa. Notes: JVASP-53075.
TiF3,Ceramic,Mixed,Material Name: TiF3. Category: Ceramic. Subcategory: Mixed. Formula: TiF3. Density: 2.848 g/cm3. Youngs Modulus: 154.18528592434166 GPa. Notes: JVASP-14874.
BaFe2S4,Ceramic,Mixed,Material Name: BaFe2S4. Category: Ceramic. Subcategory: Mixed. Formula: BaFe2S4. Density: 4.357 g/cm3. Youngs Modulus: 72.03888190882371 GPa. Notes: JVASP-53439.
Ba4YSi,Ceramic,Mixed,Material Name: Ba4YSi. Category: Ceramic. Subcategory: Mixed. Formula: Ba4YSi. Density: 4.339 g/cm3. Notes: JVASP-64788.
Ba4MgBe,Metal,Non-Ferrous,Material Name: Ba4MgBe. Category: Metal. Subcategory: Non-Ferrous. Formula: Ba4MgBe. Density: 3.641 g/cm3. Youngs Modulus: 1.243726937269373 GPa. Notes: JVASP-64189.
Ho2SeO2,Ceramic,Oxide,Material Name: Ho2SeO2. Category: Ceramic. Subcategory: Oxide. Formula: Ho2SeO2. Density: 8.571 g/cm3. Youngs Modulus: 172.3620476377862 GPa. Notes: JVASP-3258.
Li2CN2,Ceramic,Nitride,Material Name: Li2CN2. Category: Ceramic. Subcategory: Nitride. Formula: Li2CN2. Density: 1.538 g/cm3. Notes: JVASP-97577.
SrCa2I6,Metal,Non-Ferrous,Material Name: SrCa2I6. Category: Metal. Subcategory: Non-Ferrous. Formula: SrCa2I6. Density: 4.006 g/cm3. Notes: JVASP-50007.
U3CuO10,Ceramic,Oxide,Material Name: U3CuO10. Category: Ceramic. Subcategory: Oxide. Formula: U3CuO10. Density: 7.45 g/cm3. Notes: JVASP-85460.
Sm2P3Pt6,Ceramic,Mixed,Material Name: Sm2P3Pt6. Category: Ceramic. Subcategory: Mixed. Formula: Sm2P3Pt6. Density: 13.165 g/cm3. Notes: JVASP-97739.
Ca3Ru2O7,Ceramic,Oxide,Material Name: Ca3Ru2O7. Category: Ceramic. Subcategory: Oxide. Formula: Ca3Ru2O7. Density: 4.908 g/cm3. Notes: JVASP-98227.
SiP2O7,Ceramic,Non-Oxide,Material Name: SiP2O7. Category: Ceramic. Subcategory: Non-Oxide. Formula: SiP2O7. Density: 3.086 g/cm3. Notes: JVASP-97338.
Fe2OF3,Ceramic,Oxide,Material Name: Fe2OF3. Category: Ceramic. Subcategory: Oxide. Formula: Fe2OF3. Density: 4.331 g/cm3. Notes: JVASP-47963.
MnAsPd,Metal,Non-Ferrous,Material Name: MnAsPd. Category: Metal. Subcategory: Non-Ferrous. Formula: MnAsPd. Density: 8.155 g/cm3. Youngs Modulus: -0.5703341767464823 GPa. Notes: JVASP-90229.
Ba4LiRu,Metal,Non-Ferrous,Material Name: Ba4LiRu. Category: Metal. Subcategory: Non-Ferrous. Formula: Ba4LiRu. Density: 4.565 g/cm3. Notes: JVASP-64094.
NiP2W,Ceramic,Mixed,Material Name: NiP2W. Category: Ceramic. Subcategory: Mixed. Formula: NiP2W. Density: 9.142 g/cm3. Notes: JVASP-90715.
SrH4N2,Ceramic,Nitride,Material Name: SrH4N2. Category: Ceramic. Subcategory: Nitride. Formula: SrH4N2. Density: 2.425 g/cm3. Notes: JVASP-52889.
Ho5NiPb3,Metal,Superalloy,Material Name: Ho5NiPb3. Category: Metal. Subcategory: Superalloy. Formula: Ho5NiPb3. Density: 10.567 g/cm3. Notes: JVASP-86099.
AlCo4,Metal,Non-Ferrous,Material Name: AlCo4. Category: Metal. Subcategory: Non-Ferrous. Formula: AlCo4. Density: 7.716 g/cm3. Notes: JVASP-107776.
Zr6Ga2Fe,Metal,Ferrous,Material Name: Zr6Ga2Fe. Category: Metal. Subcategory: Ferrous. Formula: Zr6Ga2Fe. Density: 6.927 g/cm3. Notes: JVASP-90041.
Y2Pd2Pb,Metal,Non-Ferrous,Material Name: Y2Pd2Pb. Category: Metal. Subcategory: Non-Ferrous. Formula: Y2Pd2Pb. Density: 8.79 g/cm3. Notes: JVASP-97802.
BaCaI4,Metal,Non-Ferrous,Material Name: BaCaI4. Category: Metal. Subcategory: Non-Ferrous. Formula: BaCaI4. Density: 4.161 g/cm3. Youngs Modulus: 17.850782833728704 GPa. Notes: JVASP-12162.
LiDySe2,Metal,Non-Ferrous,Material Name: LiDySe2. Category: Metal. Subcategory: Non-Ferrous. Formula: LiDySe2. Density: 5.939 g/cm3. Youngs Modulus: 70.63855795630894 GPa. Notes: JVASP-1840.
NiS2,Ceramic,Mixed,Material Name: NiS2. Category: Ceramic. Subcategory: Mixed. Formula: NiS2. Density: 3.689 g/cm3. Youngs Modulus: 27.162933597621407 GPa. Notes: JVASP-15832.
CeMg6Zn,Metal,Non-Ferrous,Material Name: CeMg6Zn. Category: Metal. Subcategory: Non-Ferrous. Formula: CeMg6Zn. Density: 3.05 g/cm3. Notes: JVASP-92195.
KAl2NiP3H4O14,Ceramic,Oxide,Material Name: KAl2NiP3H4O14. Category: Ceramic. Subcategory: Oxide. Formula: KAl2NiP3H4O14. Density: 2.868 g/cm3. Notes: JVASP-98445.
CrO3,Ceramic,Oxide,Material Name: CrO3. Category: Ceramic. Subcategory: Oxide. Formula: CrO3. Density: 3.538 g/cm3. Notes: JVASP-16932.
LuGaO3,Ceramic,Oxide,Material Name: LuGaO3. Category: Ceramic. Subcategory: Oxide. Formula: LuGaO3. Density: 8.084 g/cm3. Youngs Modulus: 51.178882421420255 GPa. Notes: JVASP-50108.
Ba4NbZn,Metal,Non-Ferrous,Material Name: Ba4NbZn. Category: Metal. Subcategory: Non-Ferrous. Formula: Ba4NbZn. Density: 4.762 g/cm3. Notes: JVASP-64437.
MnSe,Metal,Non-Ferrous,Material Name: MnSe. Category: Metal. Subcategory: Non-Ferrous. Formula: MnSe. Density: 5.744 g/cm3. Youngs Modulus: 27.074157303370782 GPa. Notes: JVASP-19923.
HgI2,Metal,Non-Ferrous,Material Name: HgI2. Category: Metal. Subcategory: Non-Ferrous. Formula: HgI2. Density: 6.134 g/cm3. Notes: JVASP-60703.
TbS2,Ceramic,Mixed,Material Name: TbS2. Category: Ceramic. Subcategory: Mixed. Formula: TbS2. Density: 6.19 g/cm3. Notes: JVASP-86969.
CaMnSi,Ceramic,Mixed,Material Name: CaMnSi. Category: Ceramic. Subcategory: Mixed. Formula: CaMnSi. Density: 3.51 g/cm3. Youngs Modulus: 42.71966146582993 GPa. Notes: JVASP-5065.
YGa2Pd,Metal,Non-Ferrous,Material Name: YGa2Pd. Category: Metal. Subcategory: Non-Ferrous. Formula: YGa2Pd. Density: 7.486 g/cm3. Notes: JVASP-91654.
TiTl2F6,Ceramic,Mixed,Material Name: TiTl2F6. Category: Ceramic. Subcategory: Mixed. Formula: TiTl2F6. Density: 6.492 g/cm3. Youngs Modulus: 36.76292805755396 GPa. Notes: JVASP-3099.
ErH9C5N2O8,Ceramic,Oxide,Material Name: ErH9C5N2O8. Category: Ceramic. Subcategory: Oxide. Formula: ErH9C5N2O8. Density: 2.698 g/cm3. Notes: JVASP-98616.
Ba4PdCl,Ceramic,Mixed,Material Name: Ba4PdCl. Category: Ceramic. Subcategory: Mixed. Formula: Ba4PdCl. Density: 4.794 g/cm3. Notes: JVASP-64247.
BeTlP4,Ceramic,Mixed,Material Name: BeTlP4. Category: Ceramic. Subcategory: Mixed. Formula: BeTlP4. Density: 3.911 g/cm3. Youngs Modulus: 6.367339667458433 GPa. Notes: JVASP-64987.
Ba4YGe,Metal,Non-Ferrous,Material Name: Ba4YGe. Category: Metal. Subcategory: Non-Ferrous. Formula: Ba4YGe. Density: 4.569 g/cm3. Notes: JVASP-64380.
VOF,Ceramic,Oxide,Material Name: VOF. Category: Ceramic. Subcategory: Oxide. Formula: VOF. Density: 4.302 g/cm3. Notes: JVASP-48464.
Mg2Ni3P,Ceramic,Mixed,Material Name: Mg2Ni3P. Category: Ceramic. Subcategory: Mixed. Formula: Mg2Ni3P. Density: 5.447 g/cm3. Notes: JVASP-16114.
Ba4TiCd,Metal,Non-Ferrous,Material Name: Ba4TiCd. Category: Metal. Subcategory: Non-Ferrous. Formula: Ba4TiCd. Density: 4.675 g/cm3. Youngs Modulus: 10.233336468375263 GPa. Notes: JVASP-64317.
HfTe2,Metal,Non-Ferrous,Material Name: HfTe2. Category: Metal. Subcategory: Non-Ferrous. Formula: HfTe2. Density: 7.775 g/cm3. Youngs Modulus: 50.97605553477936 GPa. Notes: JVASP-18887.
V2Te2O9,Ceramic,Oxide,Material Name: V2Te2O9. Category: Ceramic. Subcategory: Oxide. Formula: V2Te2O9. Density: 4.874 g/cm3. Notes: JVASP-97920.
CaNiP2O7,Ceramic,Oxide,Material Name: CaNiP2O7. Category: Ceramic. Subcategory: Oxide. Formula: CaNiP2O7. Density: 3.651 g/cm3. Notes: JVASP-98175.
Ba4InPb,Metal,Non-Ferrous,Material Name: Ba4InPb. Category: Metal. Subcategory: Non-Ferrous. Formula: Ba4InPb. Density: 5.625 g/cm3. Notes: JVASP-64530.
Ba4LiTi,Metal,Non-Ferrous,Material Name: Ba4LiTi. Category: Metal. Subcategory: Non-Ferrous. Formula: Ba4LiTi. Density: 3.703 g/cm3. Notes: JVASP-64671.
FeMoO4,Ceramic,Oxide,Material Name: FeMoO4. Category: Ceramic. Subcategory: Oxide. Formula: FeMoO4. Density: 5.0 g/cm3. Notes: JVASP-98556.
Ba4TlCd,Metal,Non-Ferrous,Material Name: Ba4TlCd. Category: Metal. Subcategory: Non-Ferrous. Formula: Ba4TlCd. Density: 5.473 g/cm3. Notes: JVASP-64725.
Ba4TlGe,Metal,Non-Ferrous,Material Name: Ba4TlGe. Category: Metal. Subcategory: Non-Ferrous. Formula: Ba4TlGe. Density: 5.552 g/cm3. Notes: JVASP-64866.
Li2TiFe3O8,Ceramic,Oxide,Material Name: Li2TiFe3O8. Category: Ceramic. Subcategory: Oxide. Formula: Li2TiFe3O8. Density: 4.436 g/cm3. Notes: JVASP-42660.
ScPS4,Ceramic,Mixed,Material Name: ScPS4. Category: Ceramic. Subcategory: Mixed. Formula: ScPS4. Density: 2.561 g/cm3. Youngs Modulus: 44.048060684699074 GPa. Notes: JVASP-4510.
VBO4,Ceramic,Oxide,Material Name: VBO4. Category: Ceramic. Subcategory: Oxide. Formula: VBO4. Density: 2.485 g/cm3. Notes: JVASP-44065.
Li4TiS4,Ceramic,Mixed,Material Name: Li4TiS4. Category: Ceramic. Subcategory: Mixed. Formula: Li4TiS4. Density: 1.868 g/cm3. Youngs Modulus: 39.91676267281107 GPa. Notes: JVASP-90534.
KNdO2,Ceramic,Oxide,Material Name: KNdO2. Category: Ceramic. Subcategory: Oxide. Formula: KNdO2. Density: 5.02 g/cm3. Youngs Modulus: 121.28978347204476 GPa. Notes: JVASP-50936.
LiVF3,Ceramic,Mixed,Material Name: LiVF3. Category: Ceramic. Subcategory: Mixed. Formula: LiVF3. Density: 3.476 g/cm3. Notes: JVASP-48750.
Mg3Sb,Metal,Non-Ferrous,Material Name: Mg3Sb. Category: Metal. Subcategory: Non-Ferrous. Formula: Mg3Sb. Density: 3.508 g/cm3. Notes: JVASP-90582.
KTmO2,Ceramic,Oxide,Material Name: KTmO2. Category: Ceramic. Subcategory: Oxide. Formula: KTmO2. Density: 6.436 g/cm3. Youngs Modulus: 155.20885590582378 GPa. Notes: JVASP-50811.
Na3SbTe3,Metal,Non-Ferrous,Material Name: Na3SbTe3. Category: Metal. Subcategory: Non-Ferrous. Formula: Na3SbTe3. Density: 4.349 g/cm3. Notes: JVASP-88834.
PrAl,Metal,Non-Ferrous,Material Name: PrAl. Category: Metal. Subcategory: Non-Ferrous. Formula: PrAl. Density: 5.372 g/cm3. Notes: JVASP-91609.
BaNdCo2O5,Ceramic,Oxide,Material Name: BaNdCo2O5. Category: Ceramic. Subcategory: Oxide. Formula: BaNdCo2O5. Density: 6.911 g/cm3. Notes: JVASP-90337.
Rb2FeI4,Metal,Ferrous,Material Name: Rb2FeI4. Category: Metal. Subcategory: Ferrous. Formula: Rb2FeI4. Density: 4.141 g/cm3. Notes: JVASP-86781.
LiV2F7,Ceramic,Mixed,Material Name: LiV2F7. Category: Ceramic. Subcategory: Mixed. Formula: LiV2F7. Density: 2.964 g/cm3. Notes: JVASP-43524.
Li4Ti3V5O16,Ceramic,Oxide,Material Name: Li4Ti3V5O16. Category: Ceramic. Subcategory: Oxide. Formula: Li4Ti3V5O16. Density: 4.017 g/cm3. Notes: JVASP-43844.
MgBe2N2,Ceramic,Nitride,Material Name: MgBe2N2. Category: Ceramic. Subcategory: Nitride. Formula: MgBe2N2. Density: 3.038 g/cm3. Youngs Modulus: 404.0594022780498 GPa. Notes: JVASP-3177.
K3Rh,Metal,Non-Ferrous,Material Name: K3Rh. Category: Metal. Subcategory: Non-Ferrous. Formula: K3Rh. Density: 2.592 g/cm3. Notes: JVASP-38492.
SiPd,Ceramic,Mixed,Material Name: SiPd. Category: Ceramic. Subcategory: Mixed. Formula: SiPd. Density: 5.569 g/cm3. Notes: JVASP-91657.
HfGe2,Metal,Non-Ferrous,Material Name: HfGe2. Category: Metal. Subcategory: Non-Ferrous. Formula: HfGe2. Density: 9.883 g/cm3. Youngs Modulus: 31.755997258396164 GPa. Notes: JVASP-98189.
DyAl3,Metal,Non-Ferrous,Material Name: DyAl3. Category: Metal. Subcategory: Non-Ferrous. Formula: DyAl3. Density: 4.974 g/cm3. Youngs Modulus: 117.0644783921933 GPa. Notes: JVASP-18823.
EuSnP,Ceramic,Mixed,Material Name: EuSnP. Category: Ceramic. Subcategory: Mixed. Formula: EuSnP. Density: 6.588 g/cm3. Notes: JVASP-87913.
LuSnRh,Metal,Non-Ferrous,Material Name: LuSnRh. Category: Metal. Subcategory: Non-Ferrous. Formula: LuSnRh. Density: 10.844 g/cm3. Notes: JVASP-90237.
BaMg2V2O8,Ceramic,Oxide,Material Name: BaMg2V2O8. Category: Ceramic. Subcategory: Oxide. Formula: BaMg2V2O8. Density: 4.156 g/cm3. Notes: JVASP-89041.
FeSbO4,Ceramic,Oxide,Material Name: FeSbO4. Category: Ceramic. Subcategory: Oxide. Formula: FeSbO4. Density: 6.021 g/cm3. Notes: JVASP-46861.
Ba3In2P4,Ceramic,Mixed,Material Name: Ba3In2P4. Category: Ceramic. Subcategory: Mixed. Formula: Ba3In2P4. Density: 4.607 g/cm3. Notes: JVASP-88546.
NaPN2,Ceramic,Nitride,Material Name: NaPN2. Category: Ceramic. Subcategory: Nitride. Formula: NaPN2. Density: 3.125 g/cm3. Youngs Modulus: 233.6186295532378 GPa. Notes: JVASP-3117.
Be2CuIr,Metal,Non-Ferrous,Material Name: Be2CuIr. Category: Metal. Subcategory: Non-Ferrous. Formula: Be2CuIr. Density: 10.556 g/cm3. Youngs Modulus: 228.275995237544 GPa. Notes: JVASP-65030.
Ni5O4,Ceramic,Oxide,Material Name: Ni5O4. Category: Ceramic. Subcategory: Oxide. Formula: Ni5O4. Density: 6.345 g/cm3. Notes: JVASP-90118.
LaCu5,Metal,Non-Ferrous,Material Name: LaCu5. Category: Metal. Subcategory: Non-Ferrous. Formula: LaCu5. Density: 7.846 g/cm3. Notes: JVASP-86375.
Ba4ZnPd,Metal,Non-Ferrous,Material Name: Ba4ZnPd. Category: Metal. Subcategory: Non-Ferrous. Formula: Ba4ZnPd. Density: 5.058 g/cm3. Notes: JVASP-64014.
AlFePO5,Ceramic,Oxide,Material Name: AlFePO5. Category: Ceramic. Subcategory: Oxide. Formula: AlFePO5. Density: 3.157 g/cm3. Notes: JVASP-97389.
SiHgP2,Ceramic,Mixed,Material Name: SiHgP2. Category: Ceramic. Subcategory: Mixed. Formula: SiHgP2. Density: 5.544 g/cm3. Youngs Modulus: 106.61635015831624 GPa. Notes: JVASP-91567.
Ba4MgTe,Metal,Non-Ferrous,Material Name: Ba4MgTe. Category: Metal. Subcategory: Non-Ferrous. Formula: Ba4MgTe. Density: 4.327 g/cm3. Youngs Modulus: 2.2353056486974467 GPa. Notes: JVASP-64331.
CeMg6Cu,Metal,Non-Ferrous,Material Name: CeMg6Cu. Category: Metal. Subcategory: Non-Ferrous. Formula: CeMg6Cu. Density: 3.154 g/cm3. Notes: JVASP-92200.
Sr3Pr2B4O12,Ceramic,Oxide,Material Name: Sr3Pr2B4O12. Category: Ceramic. Subcategory: Oxide. Formula: Sr3Pr2B4O12. Density: 4.78 g/cm3. Notes: JVASP-97928.
EuAgP,Ceramic,Mixed,Material Name: EuAgP. Category: Ceramic. Subcategory: Mixed. Formula: EuAgP. Density: 7.832 g/cm3. Notes: JVASP-88842.
Mg5Si6,Ceramic,Mixed,Material Name: Mg5Si6. Category: Ceramic. Subcategory: Mixed. Formula: Mg5Si6. Density: 2.395 g/cm3. Notes: JVASP-98811.
SmCoSb2,Metal,Non-Ferrous,Material Name: SmCoSb2. Category: Metal. Subcategory: Non-Ferrous. Formula: SmCoSb2. Density: 8.177 g/cm3. Notes: JVASP-90815.
BaSb2Au2,Metal,Non-Ferrous,Material Name: BaSb2Au2. Category: Metal. Subcategory: Non-Ferrous. Formula: BaSb2Au2. Density: 9.418 g/cm3. Notes: JVASP-86905.
Y6N2O5,Ceramic,Oxide,Material Name: Y6N2O5. Category: Ceramic. Subcategory: Oxide. Formula: Y6N2O5. Density: 5.516 g/cm3. Notes: JVASP-42229.
Ba4NbIn,Metal,Non-Ferrous,Material Name: Ba4NbIn. Category: Metal. Subcategory: Non-Ferrous. Formula: Ba4NbIn. Density: 5.113 g/cm3. Notes: JVASP-64606.
Nd3MnBi5,Metal,Non-Ferrous,Material Name: Nd3MnBi5. Category: Metal. Subcategory: Non-Ferrous. Formula: Nd3MnBi5. Density: 9.701 g/cm3. Notes: JVASP-86851.
V3H4O8,Ceramic,Oxide,Material Name: V3H4O8. Category: Ceramic. Subcategory: Oxide. Formula: V3H4O8. Density: 2.652 g/cm3. Notes: JVASP-97505.
ZnSeO4,Ceramic,Oxide,Material Name: ZnSeO4. Category: Ceramic. Subcategory: Oxide. Formula: ZnSeO4. Density: 4.639 g/cm3. Notes: JVASP-49779.
Dy3Co2Ge4,Metal,Non-Ferrous,Material Name: Dy3Co2Ge4. Category: Metal. Subcategory: Non-Ferrous. Formula: Dy3Co2Ge4. Density: 8.833 g/cm3. Notes: JVASP-90341.
Sb2RuC6O6F12,Ceramic,Oxide,Material Name: Sb2RuC6O6F12. Category: Ceramic. Subcategory: Oxide. Formula: Sb2RuC6O6F12. Density: 3.122 g/cm3. Notes: JVASP-98619.
Sr2CoWO6,Ceramic,Oxide,Material Name: Sr2CoWO6. Category: Ceramic. Subcategory: Oxide. Formula: Sr2CoWO6. Density: 6.831 g/cm3. Notes: JVASP-86586.
KCrPO4F,Ceramic,Oxide,Material Name: KCrPO4F. Category: Ceramic. Subcategory: Oxide. Formula: KCrPO4F. Density: 3.19 g/cm3. Notes: JVASP-97684.
Ba4LiSe,Metal,Non-Ferrous,Material Name: Ba4LiSe. Category: Metal. Subcategory: Non-Ferrous. Formula: Ba4LiSe. Density: 3.961 g/cm3. Youngs Modulus: -9.918367346938776 GPa. Notes: JVASP-64873.
Ba4SnPd,Metal,Non-Ferrous,Material Name: Ba4SnPd. Category: Metal. Subcategory: Non-Ferrous. Formula: Ba4SnPd. Density: 5.554 g/cm3. Notes: JVASP-63968.
Rb2AgAu3I8,Metal,Non-Ferrous,Material Name: Rb2AgAu3I8. Category: Metal. Subcategory: Non-Ferrous. Formula: Rb2AgAu3I8. Density: 6.047 g/cm3. Notes: JVASP-98568.
VCr2C2,Ceramic,Carbide,Material Name: VCr2C2. Category: Ceramic. Subcategory: Carbide. Formula: VCr2C2. Density: 6.4 g/cm3. Notes: JVASP-86447.
Ba4MoPd,Metal,Non-Ferrous,Material Name: Ba4MoPd. Category: Metal. Subcategory: Non-Ferrous. Formula: Ba4MoPd. Density: 5.499 g/cm3. Notes: JVASP-63924.
AgF3,Ceramic,Mixed,Material Name: AgF3. Category: Ceramic. Subcategory: Mixed. Formula: AgF3. Density: 5.003 g/cm3. Notes: JVASP-97997.
HoCo3B2,Ceramic,Boride,Material Name: HoCo3B2. Category: Ceramic. Subcategory: Boride. Formula: HoCo3B2. Density: 9.292 g/cm3. Notes: JVASP-86505.
Ba4ZnPb,Metal,Non-Ferrous,Material Name: Ba4ZnPb. Category: Metal. Subcategory: Non-Ferrous. Formula: Ba4ZnPb. Density: 5.294 g/cm3. Notes: JVASP-64389.
BaLiCa,Metal,Non-Ferrous,Material Name: BaLiCa. Category: Metal. Subcategory: Non-Ferrous. Formula: BaLiCa. Density: 2.007 g/cm3. Youngs Modulus: -46.16253574833173 GPa. Notes: JVASP-64680.
Ba4TlCu,Metal,Non-Ferrous,Material Name: Ba4TlCu. Category: Metal. Subcategory: Non-Ferrous. Formula: Ba4TlCu. Density: 5.127 g/cm3. Notes: JVASP-64262.
Sb2S3O12,Unknown,,Material Name: Sb2S3O12. Category: Unknown. Formula: Sb2S3O12. Density: 4.008 g/cm3. Notes: JVASP-97812.
Tm2ZnS4,Ceramic,Mixed,Material Name: Tm2ZnS4. Category: Ceramic. Subcategory: Mixed. Formula: Tm2ZnS4. Density: 5.432 g/cm3. Notes: JVASP-98361.
Mn3Se3O10,Ceramic,Oxide,Material Name: Mn3Se3O10. Category: Ceramic. Subcategory: Oxide. Formula: Mn3Se3O10. Density: 4.383 g/cm3. Notes: JVASP-98504.
Ba2TiSe,Metal,Non-Ferrous,Material Name: Ba2TiSe. Category: Metal. Subcategory: Non-Ferrous. Formula: Ba2TiSe. Density: 4.856 g/cm3. Notes: JVASP-64103.
CoOF,Ceramic,Oxide,Material Name: CoOF. Category: Ceramic. Subcategory: Oxide. Formula: CoOF. Density: 5.309 g/cm3. Notes: JVASP-42809.
Ba4TaSn,Metal,Non-Ferrous,Material Name: Ba4TaSn. Category: Metal. Subcategory: Non-Ferrous. Formula: Ba4TaSn. Density: 5.919 g/cm3. Notes: JVASP-64055.
Ba4CrTe,Metal,Non-Ferrous,Material Name: Ba4CrTe. Category: Metal. Subcategory: Non-Ferrous. Formula: Ba4CrTe. Density: 4.456 g/cm3. Notes: JVASP-64459.
FeS,Ceramic,Mixed,Material Name: FeS. Category: Ceramic. Subcategory: Mixed. Formula: FeS. Density: 5.965 g/cm3. Notes: JVASP-85467.
EuSbO4,Ceramic,Oxide,Material Name: EuSbO4. Category: Ceramic. Subcategory: Oxide. Formula: EuSbO4. Density: 7.137 g/cm3. Youngs Modulus: 173.68853680413744 GPa. Notes: JVASP-89269.
Li6MnF8,Ceramic,Mixed,Material Name: Li6MnF8. Category: Ceramic. Subcategory: Mixed. Formula: Li6MnF8. Density: 3.039 g/cm3. Notes: JVASP-48782.
Sm2Ge3,Metal,Non-Ferrous,Material Name: Sm2Ge3. Category: Metal. Subcategory: Non-Ferrous. Formula: Sm2Ge3. Density: 6.951 g/cm3. Notes: JVASP-107742.
Zr3Al3C5,Ceramic,Carbide,Material Name: Zr3Al3C5. Category: Ceramic. Subcategory: Carbide. Formula: Zr3Al3C5. Density: 5.099 g/cm3. Notes: JVASP-98097.
Ba4LaPd,Metal,Non-Ferrous,Material Name: Ba4LaPd. Category: Metal. Subcategory: Non-Ferrous. Formula: Ba4LaPd. Density: 5.038 g/cm3. Notes: JVASP-64800.
Ba4TiIn,Metal,Non-Ferrous,Material Name: Ba4TiIn. Category: Metal. Subcategory: Non-Ferrous. Formula: Ba4TiIn. Density: 4.703 g/cm3. Notes: JVASP-64542.
Tc,Metal,Non-Ferrous,Material Name: Tc. Category: Metal. Subcategory: Non-Ferrous. Formula: Tc. Density: 11.191 g/cm3. Youngs Modulus: 362.207694532832 GPa. Notes: JVASP-16084.
HfCl4O16,Ceramic,Oxide,Material Name: HfCl4O16. Category: Ceramic. Subcategory: Oxide. Formula: HfCl4O16. Density: 3.244 g/cm3. Notes: JVASP-97754.
MgVO3,Ceramic,Oxide,Material Name: MgVO3. Category: Ceramic. Subcategory: Oxide. Formula: MgVO3. Density: 2.911 g/cm3. Youngs Modulus: 96.7955049918737 GPa. Notes: JVASP-22559.
Rb2RuO4,Ceramic,Oxide,Material Name: Rb2RuO4. Category: Ceramic. Subcategory: Oxide. Formula: Rb2RuO4. Density: 4.06 g/cm3. Notes: JVASP-98238.
TeAuCl7,Ceramic,Mixed,Material Name: TeAuCl7. Category: Ceramic. Subcategory: Mixed. Formula: TeAuCl7. Density: 3.787 g/cm3. Notes: JVASP-5503.
ZrBeCd,Metal,Non-Ferrous,Material Name: ZrBeCd. Category: Metal. Subcategory: Non-Ferrous. Formula: ZrBeCd. Density: 5.379 g/cm3. Youngs Modulus: -82.49611165131842 GPa. Notes: JVASP-64955.
NaBeBr4,Metal,Non-Ferrous,Material Name: NaBeBr4. Category: Metal. Subcategory: Non-Ferrous. Formula: NaBeBr4. Density: 3.116 g/cm3. Youngs Modulus: -111.13950846894718 GPa. Notes: JVASP-65071.
Ca5P12Ir19,Ceramic,Mixed,Material Name: Ca5P12Ir19. Category: Ceramic. Subcategory: Mixed. Formula: Ca5P12Ir19. Density: 12.484 g/cm3. Notes: JVASP-97341.
Sr,Metal,Non-Ferrous,Material Name: Sr. Category: Metal. Subcategory: Non-Ferrous. Formula: Sr. Density: 2.819 g/cm3. Youngs Modulus: 22.44025418343572 GPa. Notes: JVASP-14833.
AlPO4,Ceramic,Oxide,Material Name: AlPO4. Category: Ceramic. Subcategory: Oxide. Formula: AlPO4. Density: 4.102 g/cm3. Youngs Modulus: 475.3305312742715 GPa. Notes: JVASP-85370.
Li3VCrP4O14,Ceramic,Oxide,Material Name: Li3VCrP4O14. Category: Ceramic. Subcategory: Oxide. Formula: Li3VCrP4O14. Density: 2.921 g/cm3. Notes: JVASP-48932.
Ba2LaGa,Metal,Non-Ferrous,Material Name: Ba2LaGa. Category: Metal. Subcategory: Non-Ferrous. Formula: Ba2LaGa. Density: 5.504 g/cm3. Notes: JVASP-64201.
Ba4ScSi,Ceramic,Mixed,Material Name: Ba4ScSi. Category: Ceramic. Subcategory: Mixed. Formula: Ba4ScSi. Density: 4.172 g/cm3. Notes: JVASP-64142.
Be2CoTe,Metal,Non-Ferrous,Material Name: Be2CoTe. Category: Metal. Subcategory: Non-Ferrous. Formula: Be2CoTe. Density: 6.603 g/cm3. Youngs Modulus: -21.88774566473988 GPa. Notes: JVASP-64993.
Li5MnO3F,Ceramic,Oxide,Material Name: Li5MnO3F. Category: Ceramic. Subcategory: Oxide. Formula: Li5MnO3F. Density: 2.588 g/cm3. Notes: JVASP-48169.
Zr2BIr6,Ceramic,Boride,Material Name: Zr2BIr6. Category: Ceramic. Subcategory: Boride. Formula: Zr2BIr6. Density: 16.607 g/cm3. Notes: JVASP-90174.
KNiF3,Ceramic,Mixed,Material Name: KNiF3. Category: Ceramic. Subcategory: Mixed. Formula: KNiF3. Density: 4.046 g/cm3. Notes: JVASP-22620.
MgBe2Cl,Ceramic,Mixed,Material Name: MgBe2Cl. Category: Ceramic. Subcategory: Mixed. Formula: MgBe2Cl. Density: 2.031 g/cm3. Youngs Modulus: 30.22559004063284 GPa. Notes: JVASP-65108.
NaCaLaF6,Ceramic,Mixed,Material Name: NaCaLaF6. Category: Ceramic. Subcategory: Mixed. Formula: NaCaLaF6. Density: 4.362 g/cm3. Notes: JVASP-107784.
K2Ca4Si8O21,Ceramic,Oxide,Material Name: K2Ca4Si8O21. Category: Ceramic. Subcategory: Oxide. Formula: K2Ca4Si8O21. Density: 2.739 g/cm3. Notes: JVASP-98451.
Na6CoO4,Ceramic,Oxide,Material Name: Na6CoO4. Category: Ceramic. Subcategory: Oxide. Formula: Na6CoO4. Density: 2.968 g/cm3. Notes: JVASP-48472.
ErH3,Metal,Non-Ferrous,Material Name: ErH3. Category: Metal. Subcategory: Non-Ferrous. Formula: ErH3. Density: 8.547 g/cm3. Notes: JVASP-91703.
DyP2Pt8,Ceramic,Mixed,Material Name: DyP2Pt8. Category: Ceramic. Subcategory: Mixed. Formula: DyP2Pt8. Density: 16.217 g/cm3. Notes: JVASP-86157.
Ba4MgSc,Metal,Non-Ferrous,Material Name: Ba4MgSc. Category: Metal. Subcategory: Non-Ferrous. Formula: Ba4MgSc. Density: 3.716 g/cm3. Youngs Modulus: 2.805194805194805 GPa. Notes: JVASP-64738.
CaNi4B,Ceramic,Boride,Material Name: CaNi4B. Category: Ceramic. Subcategory: Boride. Formula: CaNi4B. Density: 6.295 g/cm3. Notes: JVASP-87046.
GaS,Ceramic,Mixed,Material Name: GaS. Category: Ceramic. Subcategory: Mixed. Formula: GaS. Density: 3.845 g/cm3. Youngs Modulus: 63.38528743451935 GPa. Notes: JVASP-22517.
CaBePO4F,Ceramic,Oxide,Material Name: CaBePO4F. Category: Ceramic. Subcategory: Oxide. Formula: CaBePO4F. Density: 3.039 g/cm3. Notes: JVASP-97929.
Ba4CaOs,Metal,Non-Ferrous,Material Name: Ba4CaOs. Category: Metal. Subcategory: Non-Ferrous. Formula: Ba4CaOs. Density: 5.554 g/cm3. Notes: JVASP-64016.
Nd7S6Cl9,Ceramic,Mixed,Material Name: Nd7S6Cl9. Category: Ceramic. Subcategory: Mixed. Formula: Nd7S6Cl9. Density: 4.469 g/cm3. Notes: JVASP-97440.
FeSe2NCl6,Ceramic,Nitride,Material Name: FeSe2NCl6. Category: Ceramic. Subcategory: Nitride. Formula: FeSe2NCl6. Density: 2.863 g/cm3. Notes: JVASP-98812.
Cd2RuC6N6,Ceramic,Nitride,Material Name: Cd2RuC6N6. Category: Ceramic. Subcategory: Nitride. Formula: Cd2RuC6N6. Density: 3.413 g/cm3. Youngs Modulus: 58.34343294252216 GPa. Notes: JVASP-86104.
LiVC2O6,Ceramic,Oxide,Material Name: LiVC2O6. Category: Ceramic. Subcategory: Oxide. Formula: LiVC2O6. Density: 3.028 g/cm3. Notes: JVASP-47967.
TiTlPS5,Ceramic,Mixed,Material Name: TiTlPS5. Category: Ceramic. Subcategory: Mixed. Formula: TiTlPS5. Density: 3.825 g/cm3. Youngs Modulus: 27.343203844613537 GPa. Notes: JVASP-85928.
VSe,Metal,Non-Ferrous,Material Name: VSe. Category: Metal. Subcategory: Non-Ferrous. Formula: VSe. Density: 6.037 g/cm3. Youngs Modulus: 57.79166339074524 GPa. Notes: JVASP-18513.
LiMg3,Metal,Non-Ferrous,Material Name: LiMg3. Category: Metal. Subcategory: Non-Ferrous. Formula: LiMg3. Density: 1.537 g/cm3. Notes: JVASP-90585.
Li4Co3O3F4,Ceramic,Oxide,Material Name: Li4Co3O3F4. Category: Ceramic. Subcategory: Oxide. Formula: Li4Co3O3F4. Density: 4.401 g/cm3. Notes: JVASP-48390.
Li4Fe5O10,Ceramic,Oxide,Material Name: Li4Fe5O10. Category: Ceramic. Subcategory: Oxide. Formula: Li4Fe5O10. Density: 4.707 g/cm3. Notes: JVASP-47769.
Be2TcSb,Metal,Non-Ferrous,Material Name: Be2TcSb. Category: Metal. Subcategory: Non-Ferrous. Formula: Be2TcSb. Density: 7.306 g/cm3. Youngs Modulus: 128.02381886572869 GPa. Notes: JVASP-64915.
Ba4LaZr,Metal,Non-Ferrous,Material Name: Ba4LaZr. Category: Metal. Subcategory: Non-Ferrous. Formula: Ba4LaZr. Density: 4.756 g/cm3. Notes: JVASP-64332.
Ba4YCu3O9,Ceramic,Oxide,Material Name: Ba4YCu3O9. Category: Ceramic. Subcategory: Oxide. Formula: Ba4YCu3O9. Density: 6.001 g/cm3. Notes: JVASP-88716.
Ba4SrPt,Metal,Non-Ferrous,Material Name: Ba4SrPt. Category: Metal. Subcategory: Non-Ferrous. Formula: Ba4SrPt. Density: 5.259 g/cm3. Notes: JVASP-64263.
Mg3P2H16O16,Ceramic,Oxide,Material Name: Mg3P2H16O16. Category: Ceramic. Subcategory: Oxide. Formula: Mg3P2H16O16. Density: 2.271 g/cm3. Notes: JVASP-29231.
Ba4MgP,Ceramic,Mixed,Material Name: Ba4MgP. Category: Ceramic. Subcategory: Mixed. Formula: Ba4MgP. Density: 4.046 g/cm3. Notes: JVASP-64683.
Ba4SbSe,Metal,Non-Ferrous,Material Name: Ba4SbSe. Category: Metal. Subcategory: Non-Ferrous. Formula: Ba4SbSe. Density: 5.359 g/cm3. Notes: JVASP-63925.
BaNaCd,Metal,Non-Ferrous,Material Name: BaNaCd. Category: Metal. Subcategory: Non-Ferrous. Formula: BaNaCd. Density: 3.307 g/cm3. Notes: JVASP-64056.
Na3YCl6,Ceramic,Mixed,Material Name: Na3YCl6. Category: Ceramic. Subcategory: Mixed. Formula: Na3YCl6. Density: 2.34 g/cm3. Notes: JVASP-53444.
ScBeIn4,Metal,Non-Ferrous,Material Name: ScBeIn4. Category: Metal. Subcategory: Non-Ferrous. Formula: ScBeIn4. Density: 5.805 g/cm3. Notes: JVASP-65031.
Ba4SrIr,Metal,Non-Ferrous,Material Name: Ba4SrIr. Category: Metal. Subcategory: Non-Ferrous. Formula: Ba4SrIr. Density: 5.592 g/cm3. Youngs Modulus: -40.052698608964455 GPa. Notes: JVASP-64610.
KBa4Ru,Metal,Non-Ferrous,Material Name: KBa4Ru. Category: Metal. Subcategory: Non-Ferrous. Formula: KBa4Ru. Density: 4.251 g/cm3. Notes: JVASP-64390.
SnPd2,Metal,Non-Ferrous,Material Name: SnPd2. Category: Metal. Subcategory: Non-Ferrous. Formula: SnPd2. Density: 10.616 g/cm3. Notes: JVASP-85862.
Ba4TaCu,Metal,Non-Ferrous,Material Name: Ba4TaCu. Category: Metal. Subcategory: Non-Ferrous. Formula: Ba4TaCu. Density: 5.615 g/cm3. Notes: JVASP-64104.
TiNi,Metal,Non-Ferrous,Material Name: TiNi. Category: Metal. Subcategory: Non-Ferrous. Formula: TiNi. Density: 6.542 g/cm3. Youngs Modulus: 80.93274356885111 GPa. Notes: JVASP-14790.
Ti2CS,Ceramic,Carbide,Material Name: Ti2CS. Category: Ceramic. Subcategory: Carbide. Formula: Ti2CS. Density: 4.62 g/cm3. Notes: JVASP-15261.
BaBi4Br2O6,Ceramic,Oxide,Material Name: BaBi4Br2O6. Category: Ceramic. Subcategory: Oxide. Formula: BaBi4Br2O6. Density: 7.709 g/cm3. Notes: JVASP-86579.
TiFeCoSb,Metal,Ferrous,Material Name: TiFeCoSb. Category: Metal. Subcategory: Ferrous. Formula: TiFeCoSb. Density: 8.422 g/cm3. Youngs Modulus: 10.548300720906283 GPa. Notes: JVASP-37034.
Tl3SiTe3,Ceramic,Mixed,Material Name: Tl3SiTe3. Category: Ceramic. Subcategory: Mixed. Formula: Tl3SiTe3. Density: 7.041 g/cm3. Notes: JVASP-98092.
CdIn2Se4,Metal,Non-Ferrous,Material Name: CdIn2Se4. Category: Metal. Subcategory: Non-Ferrous. Formula: CdIn2Se4. Density: 5.36 g/cm3. Youngs Modulus: 44.04636702819956 GPa. Notes: JVASP-22645.
BeRePb4,Metal,Non-Ferrous,Material Name: BeRePb4. Category: Metal. Subcategory: Non-Ferrous. Formula: BeRePb4. Density: 9.868 g/cm3. Notes: JVASP-65066.
Nd3CuGeS7,Ceramic,Mixed,Material Name: Nd3CuGeS7. Category: Ceramic. Subcategory: Mixed. Formula: Nd3CuGeS7. Density: 5.016 g/cm3. Notes: JVASP-97625.
Ti2GaCo,Metal,Non-Ferrous,Material Name: Ti2GaCo. Category: Metal. Subcategory: Non-Ferrous. Formula: Ti2GaCo. Density: 6.598 g/cm3. Youngs Modulus: 76.42512077294687 GPa. Notes: JVASP-37050.
Ti3In,Metal,Non-Ferrous,Material Name: Ti3In. Category: Metal. Subcategory: Non-Ferrous. Formula: Ti3In. Density: 5.949 g/cm3. Youngs Modulus: 70.08271068635969 GPa. Notes: JVASP-37036.
MnGaFeCo,Metal,Ferrous,Material Name: MnGaFeCo. Category: Metal. Subcategory: Ferrous. Formula: MnGaFeCo. Density: 8.605 g/cm3. Youngs Modulus: 75.96959098694239 GPa. Notes: JVASP-37190.
TmUTc2,Metal,Non-Ferrous,Material Name: TmUTc2. Category: Metal. Subcategory: Non-Ferrous. Formula: TmUTc2. Density: 13.053 g/cm3. Youngs Modulus: -4.334113803430438 GPa. Notes: JVASP-41448.
P,Ceramic,Elemental,Material Name: P. Category: Ceramic. Subcategory: Elemental. Formula: P. Density: 2.571 g/cm3. Youngs Modulus: 73.30350508077123 GPa. Notes: JVASP-26.
SrAlO3,Ceramic,Oxide,Material Name: SrAlO3. Category: Ceramic. Subcategory: Oxide. Formula: SrAlO3. Density: 4.83 g/cm3. Notes: JVASP-37314.
HgC2Se2N2,Ceramic,Nitride,Material Name: HgC2Se2N2. Category: Ceramic. Subcategory: Nitride. Formula: HgC2Se2N2. Density: 4.509 g/cm3. Youngs Modulus: 20.11892410484838 GPa. Notes: JVASP-86900.
SrRuO3,Ceramic,Oxide,Material Name: SrRuO3. Category: Ceramic. Subcategory: Oxide. Formula: SrRuO3. Density: 6.357 g/cm3. Notes: JVASP-87209.
CdP2H4O4,Ceramic,Oxide,Material Name: CdP2H4O4. Category: Ceramic. Subcategory: Oxide. Formula: CdP2H4O4. Density: 3.039 g/cm3. Youngs Modulus: 27.258166610906656 GPa. Notes: JVASP-29226.
Hf2Ni,Metal,Non-Ferrous,Material Name: Hf2Ni. Category: Metal. Subcategory: Non-Ferrous. Formula: Hf2Ni. Density: 12.992 g/cm3. Youngs Modulus: 61.77821660434493 GPa. Notes: JVASP-86323.
HfSn2,Metal,Non-Ferrous,Material Name: HfSn2. Category: Metal. Subcategory: Non-Ferrous. Formula: HfSn2. Density: 10.142 g/cm3. Notes: JVASP-89970.
KCoO2,Ceramic,Oxide,Material Name: KCoO2. Category: Ceramic. Subcategory: Oxide. Formula: KCoO2. Density: 3.728 g/cm3. Youngs Modulus: 78.19064119891875 GPa. Notes: JVASP-91849.
BaB2S3O13,Ceramic,Oxide,Material Name: BaB2S3O13. Category: Ceramic. Subcategory: Oxide. Formula: BaB2S3O13. Density: 3.265 g/cm3. Notes: JVASP-98356.
TiSi,Ceramic,Mixed,Material Name: TiSi. Category: Ceramic. Subcategory: Mixed. Formula: TiSi. Density: 4.182 g/cm3. Youngs Modulus: 234.32714490839123 GPa. Notes: JVASP-15734.
RbCdO3,Ceramic,Oxide,Material Name: RbCdO3. Category: Ceramic. Subcategory: Oxide. Formula: RbCdO3. Density: 4.902 g/cm3. Notes: JVASP-38326.
SiPdO3,Ceramic,Oxide,Material Name: SiPdO3. Category: Ceramic. Subcategory: Oxide. Formula: SiPdO3. Density: 6.537 g/cm3. Youngs Modulus: 142.5220667552568 GPa. Notes: JVASP-37208.
LaAu,Metal,Non-Ferrous,Material Name: LaAu. Category: Metal. Subcategory: Non-Ferrous. Formula: LaAu. Density: 10.037 g/cm3. Notes: JVASP-98176.
RbInO3,Ceramic,Oxide,Material Name: RbInO3. Category: Ceramic. Subcategory: Oxide. Formula: RbInO3. Density: 5.132 g/cm3. Youngs Modulus: 87.18298804327196 GPa. Notes: JVASP-38310.
Ba4MgZr,Metal,Non-Ferrous,Material Name: Ba4MgZr. Category: Metal. Subcategory: Non-Ferrous. Formula: Ba4MgZr. Density: 4.282 g/cm3. Notes: JVASP-64726.
K2CrSO7,Ceramic,Oxide,Material Name: K2CrSO7. Category: Ceramic. Subcategory: Oxide. Formula: K2CrSO7. Density: 2.693 g/cm3. Notes: JVASP-98802.
LiSi2BiO6,Ceramic,Oxide,Material Name: LiSi2BiO6. Category: Ceramic. Subcategory: Oxide. Formula: LiSi2BiO6. Density: 5.18 g/cm3. Notes: JVASP-50761.
Cu3P2O8,Ceramic,Oxide,Material Name: Cu3P2O8. Category: Ceramic. Subcategory: Oxide. Formula: Cu3P2O8. Density: 4.342 g/cm3. Youngs Modulus: 121.66125916511878 GPa. Notes: JVASP-86443.
SeO2,Unknown,,Material Name: SeO2. Category: Unknown. Formula: SeO2. Density: 3.82 g/cm3. Notes: JVASP-88712.
Li2MnO2F,Ceramic,Oxide,Material Name: Li2MnO2F. Category: Ceramic. Subcategory: Oxide. Formula: Li2MnO2F. Density: 3.618 g/cm3. Notes: JVASP-48923.
CaO,Ceramic,Oxide,Material Name: CaO. Category: Ceramic. Subcategory: Oxide. Formula: CaO. Density: 3.334 g/cm3. Youngs Modulus: 192.4361948867298 GPa. Notes: JVASP-91565.
CeFeSb2,Metal,Ferrous,Material Name: CeFeSb2. Category: Metal. Subcategory: Ferrous. Formula: CeFeSb2. Density: 8.057 g/cm3. Notes: JVASP-91940.
RbFeO3,Ceramic,Oxide,Material Name: RbFeO3. Category: Ceramic. Subcategory: Oxide. Formula: RbFeO3. Density: 5.284 g/cm3. Notes: JVASP-38314.
Ba4Br6O,Ceramic,Oxide,Material Name: Ba4Br6O. Category: Ceramic. Subcategory: Oxide. Formula: Ba4Br6O. Density: 4.427 g/cm3. Notes: JVASP-52478.
NbP,Ceramic,Mixed,Material Name: NbP. Category: Ceramic. Subcategory: Mixed. Formula: NbP. Density: 6.302 g/cm3. Youngs Modulus: 277.7300728463944 GPa. Notes: JVASP-16139.
Ba4GaGe,Metal,Non-Ferrous,Material Name: Ba4GaGe. Category: Metal. Subcategory: Non-Ferrous. Formula: Ba4GaGe. Density: 4.769 g/cm3. Notes: JVASP-63959.
Ba4FeCl,Ceramic,Mixed,Material Name: Ba4FeCl. Category: Ceramic. Subcategory: Mixed. Formula: Ba4FeCl. Density: 4.376 g/cm3. Notes: JVASP-64048.
ZrBe2Sn,Metal,Non-Ferrous,Material Name: ZrBe2Sn. Category: Metal. Subcategory: Non-Ferrous. Formula: ZrBe2Sn. Density: 5.796 g/cm3. Notes: JVASP-64948.
Rb3Sn,Metal,Non-Ferrous,Material Name: Rb3Sn. Category: Metal. Subcategory: Non-Ferrous. Formula: Rb3Sn. Density: 3.316 g/cm3. Youngs Modulus: 12.327276131045242 GPa. Notes: JVASP-38201.
RbMnF4,Ceramic,Mixed,Material Name: RbMnF4. Category: Ceramic. Subcategory: Mixed. Formula: RbMnF4. Density: 3.918 g/cm3. Notes: JVASP-97855.
BaTm2O4,Ceramic,Oxide,Material Name: BaTm2O4. Category: Ceramic. Subcategory: Oxide. Formula: BaTm2O4. Density: 8.323 g/cm3. Notes: JVASP-52548.
Ag2W2O7,Ceramic,Oxide,Material Name: Ag2W2O7. Category: Ceramic. Subcategory: Oxide. Formula: Ag2W2O7. Density: 7.6 g/cm3. Notes: JVASP-88010.
ZrNiP2,Ceramic,Mixed,Material Name: ZrNiP2. Category: Ceramic. Subcategory: Mixed. Formula: ZrNiP2. Density: 5.941 g/cm3. Notes: JVASP-91747.
LiCuF4,Ceramic,Mixed,Material Name: LiCuF4. Category: Ceramic. Subcategory: Mixed. Formula: LiCuF4. Density: 3.785 g/cm3. Youngs Modulus: 18.494891405234824 GPa. Notes: JVASP-52342.
Rb3Ge,Metal,Non-Ferrous,Material Name: Rb3Ge. Category: Metal. Subcategory: Non-Ferrous. Formula: Rb3Ge. Density: 3.176 g/cm3. Youngs Modulus: 11.306350148367953 GPa. Notes: JVASP-38246.
MnFeP2O8,Ceramic,Oxide,Material Name: MnFeP2O8. Category: Ceramic. Subcategory: Oxide. Formula: MnFeP2O8. Density: 3.612 g/cm3. Notes: JVASP-48649.
KCuBi2S4,Ceramic,Mixed,Material Name: KCuBi2S4. Category: Ceramic. Subcategory: Mixed. Formula: KCuBi2S4. Density: 5.441 g/cm3. Notes: JVASP-97432.
Cu2As,Metal,Non-Ferrous,Material Name: Cu2As. Category: Metal. Subcategory: Non-Ferrous. Formula: Cu2As. Density: 7.648 g/cm3. Notes: JVASP-15811.
AsC3N3,Unknown,,Material Name: AsC3N3. Category: Unknown. Formula: AsC3N3. Density: 2.014 g/cm3. Notes: JVASP-98295.
CN2O,Ceramic,Non-Oxide,Material Name: CN2O. Category: Ceramic. Subcategory: Non-Oxide. Formula: CN2O. Density: 1.679 g/cm3. Notes: JVASP-91795.
K3Sn,Metal,Non-Ferrous,Material Name: K3Sn. Category: Metal. Subcategory: Non-Ferrous. Formula: K3Sn. Density: 2.378 g/cm3. Notes: JVASP-39287.
Ti2AlZn,Metal,Non-Ferrous,Material Name: Ti2AlZn. Category: Metal. Subcategory: Non-Ferrous. Formula: Ti2AlZn. Density: 4.767 g/cm3. Notes: JVASP-37056.
H3AuC2NCl,Ceramic,Nitride,Material Name: H3AuC2NCl. Category: Ceramic. Subcategory: Nitride. Formula: H3AuC2NCl. Density: 4.018 g/cm3. Youngs Modulus: 18.72860543542948 GPa. Notes: JVASP-86206.
Re3Ni,Metal,Non-Ferrous,Material Name: Re3Ni. Category: Metal. Subcategory: Non-Ferrous. Formula: Re3Ni. Density: 18.358 g/cm3. Notes: JVASP-91990.
ZnCu3H6Cl2O6,Ceramic,Oxide,Material Name: ZnCu3H6Cl2O6. Category: Ceramic. Subcategory: Oxide. Formula: ZnCu3H6Cl2O6. Density: 3.595 g/cm3. Youngs Modulus: 62.67422896413007 GPa. Notes: JVASP-12124.
UCr4C4,Ceramic,Carbide,Material Name: UCr4C4. Category: Ceramic. Subcategory: Carbide. Formula: UCr4C4. Density: 8.553 g/cm3. Youngs Modulus: 294.4102047957059 GPa. Notes: JVASP-15113.
ScCr2AgH4O10,Ceramic,Oxide,Material Name: ScCr2AgH4O10. Category: Ceramic. Subcategory: Oxide. Formula: ScCr2AgH4O10. Density: 3.452 g/cm3. Notes: JVASP-86028.
Mo3WSe4S4,Ceramic,Mixed,Material Name: Mo3WSe4S4. Category: Ceramic. Subcategory: Mixed. Formula: Mo3WSe4S4. Density: 4.828 g/cm3. Youngs Modulus: 7.63875 GPa. Notes: JVASP-28637.
SmOs2,Metal,Non-Ferrous,Material Name: SmOs2. Category: Metal. Subcategory: Non-Ferrous. Formula: SmOs2. Density: 15.692 g/cm3. Notes: JVASP-86275.
Ni6OF11,Ceramic,Oxide,Material Name: Ni6OF11. Category: Ceramic. Subcategory: Oxide. Formula: Ni6OF11. Density: 4.775 g/cm3. Notes: JVASP-42805.
YMg2Cu9,Metal,Non-Ferrous,Material Name: YMg2Cu9. Category: Metal. Subcategory: Non-Ferrous. Formula: YMg2Cu9. Density: 6.789 g/cm3. Notes: JVASP-97680.
LiMnPH2O5,Ceramic,Oxide,Material Name: LiMnPH2O5. Category: Ceramic. Subcategory: Oxide. Formula: LiMnPH2O5. Density: 2.635 g/cm3. Youngs Modulus: 0.8077360248447206 GPa. Notes: JVASP-42301.
Mn2GaW,Metal,Non-Ferrous,Material Name: Mn2GaW. Category: Metal. Subcategory: Non-Ferrous. Formula: Mn2GaW. Density: 11.791 g/cm3. Notes: JVASP-38483.
BaIrO3,Ceramic,Oxide,Material Name: BaIrO3. Category: Ceramic. Subcategory: Oxide. Formula: BaIrO3. Density: 8.896 g/cm3. Notes: JVASP-97383.
CuH4Pb2Cl2O4,Ceramic,Oxide,Material Name: CuH4Pb2Cl2O4. Category: Ceramic. Subcategory: Oxide. Formula: CuH4Pb2Cl2O4. Density: 5.337 g/cm3. Notes: JVASP-85666.
Mg4BeNi,Metal,Superalloy,Material Name: Mg4BeNi. Category: Metal. Subcategory: Superalloy. Formula: Mg4BeNi. Density: 2.441 g/cm3. Notes: JVASP-65024.
C3N4,Ceramic,Non-Oxide,Material Name: C3N4. Category: Ceramic. Subcategory: Non-Oxide. Formula: C3N4. Density: 3.707 g/cm3. Youngs Modulus: 874.8694600974718 GPa. Notes: JVASP-85272.
RbMnO3,Ceramic,Oxide,Material Name: RbMnO3. Category: Ceramic. Subcategory: Oxide. Formula: RbMnO3. Density: 5.461 g/cm3. Notes: JVASP-38319.
CeCu,Metal,Non-Ferrous,Material Name: CeCu. Category: Metal. Subcategory: Non-Ferrous. Formula: CeCu. Density: 8.289 g/cm3. Notes: JVASP-85558.
Li4MnF7,Ceramic,Mixed,Material Name: Li4MnF7. Category: Ceramic. Subcategory: Mixed. Formula: Li4MnF7. Density: 2.498 g/cm3. Youngs Modulus: 43.289097744360895 GPa. Notes: JVASP-48311.
TcBr3,Metal,Non-Ferrous,Material Name: TcBr3. Category: Metal. Subcategory: Non-Ferrous. Formula: TcBr3. Density: 5.138 g/cm3. Youngs Modulus: 22.956132346275872 GPa. Notes: JVASP-86155.
Ba2Hf7O16,Ceramic,Oxide,Material Name: Ba2Hf7O16. Category: Ceramic. Subcategory: Oxide. Formula: Ba2Hf7O16. Density: 9.069 g/cm3. Notes: JVASP-50399.
Na2SnO3,Ceramic,Oxide,Material Name: Na2SnO3. Category: Ceramic. Subcategory: Oxide. Formula: Na2SnO3. Density: 4.816 g/cm3. Notes: JVASP-49950.
TbHoCo4,Metal,Non-Ferrous,Material Name: TbHoCo4. Category: Metal. Subcategory: Non-Ferrous. Formula: TbHoCo4. Density: 10.376 g/cm3. Notes: JVASP-107738.
MgSn3,Metal,Non-Ferrous,Material Name: MgSn3. Category: Metal. Subcategory: Non-Ferrous. Formula: MgSn3. Density: 5.992 g/cm3. Notes: JVASP-90769.
VO2,Ceramic,Oxide,Material Name: VO2. Category: Ceramic. Subcategory: Oxide. Formula: VO2. Density: 4.103 g/cm3. Notes: JVASP-42541.
BaAl3P2H2O14,Ceramic,Oxide,Material Name: BaAl3P2H2O14. Category: Ceramic. Subcategory: Oxide. Formula: BaAl3P2H2O14. Density: 3.206 g/cm3. Notes: JVASP-88522.
PH2NO2,Unknown,,Material Name: PH2NO2. Category: Unknown. Formula: PH2NO2. Density: 2.001 g/cm3. Notes: JVASP-85786.
AsClF8,Unknown,,Material Name: AsClF8. Category: Unknown. Formula: AsClF8. Density: 3.074 g/cm3. Notes: JVASP-98719.
Li4Mn5O10,Ceramic,Oxide,Material Name: Li4Mn5O10. Category: Ceramic. Subcategory: Oxide. Formula: Li4Mn5O10. Density: 4.599 g/cm3. Notes: JVASP-48233.
CuWO4,Ceramic,Oxide,Material Name: CuWO4. Category: Ceramic. Subcategory: Oxide. Formula: CuWO4. Density: 7.599 g/cm3. Youngs Modulus: 150.40687821939588 GPa. Notes: JVASP-89267.
Sr2CoO3,Ceramic,Oxide,Material Name: Sr2CoO3. Category: Ceramic. Subcategory: Oxide. Formula: Sr2CoO3. Density: 5.181 g/cm3. Notes: JVASP-85714.
Ho5CoSb2,Metal,Non-Ferrous,Material Name: Ho5CoSb2. Category: Metal. Subcategory: Non-Ferrous. Formula: Ho5CoSb2. Density: 9.129 g/cm3. Notes: JVASP-98039.
K2FeCuC6N6,Ceramic,Nitride,Material Name: K2FeCuC6N6. Category: Ceramic. Subcategory: Nitride. Formula: K2FeCuC6N6. Density: 2.368 g/cm3. Notes: JVASP-85366.
TlCuHCO4,Ceramic,Oxide,Material Name: TlCuHCO4. Category: Ceramic. Subcategory: Oxide. Formula: TlCuHCO4. Density: 5.409 g/cm3. Notes: JVASP-98935.
LiCoOF2,Ceramic,Oxide,Material Name: LiCoOF2. Category: Ceramic. Subcategory: Oxide. Formula: LiCoOF2. Density: 4.102 g/cm3. Notes: JVASP-42722.
Na2BiO3,Ceramic,Oxide,Material Name: Na2BiO3. Category: Ceramic. Subcategory: Oxide. Formula: Na2BiO3. Density: 5.951 g/cm3. Notes: JVASP-42222.
MgPbO3,Ceramic,Oxide,Material Name: MgPbO3. Category: Ceramic. Subcategory: Oxide. Formula: MgPbO3. Density: 7.212 g/cm3. Youngs Modulus: 23.33765058211358 GPa. Notes: JVASP-38614.
MoBr3,Metal,Non-Ferrous,Material Name: MoBr3. Category: Metal. Subcategory: Non-Ferrous. Formula: MoBr3. Density: 4.977 g/cm3. Notes: JVASP-22722.
K2Ga3,Metal,Non-Ferrous,Material Name: K2Ga3. Category: Metal. Subcategory: Non-Ferrous. Formula: K2Ga3. Density: 3.459 g/cm3. Notes: JVASP-86679.
Ba4SnSe,Metal,Non-Ferrous,Material Name: Ba4SnSe. Category: Metal. Subcategory: Non-Ferrous. Formula: Ba4SnSe. Density: 5.247 g/cm3. Notes: JVASP-64133.
ErAlCu,Metal,Non-Ferrous,Material Name: ErAlCu. Category: Metal. Subcategory: Non-Ferrous. Formula: ErAlCu. Density: 7.632 g/cm3. Notes: JVASP-90169.
MgBe2Mo,Metal,Non-Ferrous,Material Name: MgBe2Mo. Category: Metal. Subcategory: Non-Ferrous. Formula: MgBe2Mo. Density: 4.469 g/cm3. Youngs Modulus: 100.82672215142138 GPa. Notes: JVASP-64910.
Ba4TePd,Metal,Non-Ferrous,Material Name: Ba4TePd. Category: Metal. Subcategory: Non-Ferrous. Formula: Ba4TePd. Density: 5.524 g/cm3. Notes: JVASP-63917.
Al2Au,Metal,Non-Ferrous,Material Name: Al2Au. Category: Metal. Subcategory: Non-Ferrous. Formula: Al2Au. Density: 7.498 g/cm3. Youngs Modulus: 109.50101993457658 GPa. Notes: JVASP-14998.
Si2Ni6B,Ceramic,Boride,Material Name: Si2Ni6B. Category: Ceramic. Subcategory: Boride. Formula: Si2Ni6B. Density: 7.406 g/cm3. Youngs Modulus: 220.2449384619737 GPa. Notes: JVASP-15432.
VCu3Se4,Metal,Non-Ferrous,Material Name: VCu3Se4. Category: Metal. Subcategory: Non-Ferrous. Formula: VCu3Se4. Density: 5.258 g/cm3. Notes: JVASP-3489.
H9BrO4,Unknown,,Material Name: H9BrO4. Category: Unknown. Formula: H9BrO4. Density: 1.84 g/cm3. Notes: JVASP-97503.
MoW3Se4S4,Ceramic,Mixed,Material Name: MoW3Se4S4. Category: Ceramic. Subcategory: Mixed. Formula: MoW3Se4S4. Density: 5.703 g/cm3. Notes: JVASP-28964.
Se,Ceramic,Elemental,Material Name: Se. Category: Ceramic. Subcategory: Elemental. Formula: Se. Density: 5.717 g/cm3. Youngs Modulus: 48.69793356003138 GPa. Notes: JVASP-14915.
Ba4CoSn,Metal,Non-Ferrous,Material Name: Ba4CoSn. Category: Metal. Subcategory: Non-Ferrous. Formula: Ba4CoSn. Density: 5.052 g/cm3. Notes: JVASP-64008.
Ti2InCo,Metal,Non-Ferrous,Material Name: Ti2InCo. Category: Metal. Subcategory: Non-Ferrous. Formula: Ti2InCo. Density: 7.064 g/cm3. Youngs Modulus: 52.49638664499187 GPa. Notes: JVASP-37046.
CaNi3P4O14,Ceramic,Oxide,Material Name: CaNi3P4O14. Category: Ceramic. Subcategory: Oxide. Formula: CaNi3P4O14. Density: 3.846 g/cm3. Notes: JVASP-87905.
ZnFeRh2,Metal,Ferrous,Material Name: ZnFeRh2. Category: Metal. Subcategory: Ferrous. Formula: ZnFeRh2. Density: 10.004 g/cm3. Notes: JVASP-38764.
HeSiO2,Unknown,,Material Name: HeSiO2. Category: Unknown. Formula: HeSiO2. Density: 2.189 g/cm3. Notes: JVASP-98448.
Ba3Ta6Si4O23,Ceramic,Oxide,Material Name: Ba3Ta6Si4O23. Category: Ceramic. Subcategory: Oxide. Formula: Ba3Ta6Si4O23. Density: 5.971 g/cm3. Notes: JVASP-88123.
Mg7Fe,Metal,Ferrous,Material Name: Mg7Fe. Category: Metal. Subcategory: Ferrous. Formula: Mg7Fe. Density: 2.295 g/cm3. Youngs Modulus: 63.86612014690451 GPa. Notes: JVASP-91891.
Ba4ZnIn,Metal,Non-Ferrous,Material Name: Ba4ZnIn. Category: Metal. Subcategory: Non-Ferrous. Formula: Ba4ZnIn. Density: 4.668 g/cm3. Notes: JVASP-64588.
RbTlO3,Ceramic,Oxide,Material Name: RbTlO3. Category: Ceramic. Subcategory: Oxide. Formula: RbTlO3. Density: 6.557 g/cm3. Notes: JVASP-38283.
TePdO3,Ceramic,Oxide,Material Name: TePdO3. Category: Ceramic. Subcategory: Oxide. Formula: TePdO3. Density: 6.985 g/cm3. Notes: JVASP-37407.
SeS,Unknown,,Material Name: SeS. Category: Unknown. Formula: SeS. Density: 4.553 g/cm3. Youngs Modulus: 40.122951558085255 GPa. Notes: JVASP-14958.
Ta2Be2O5,Ceramic,Oxide,Material Name: Ta2Be2O5. Category: Ceramic. Subcategory: Oxide. Formula: Ta2Be2O5. Density: 9.59 g/cm3. Notes: JVASP-37424.
KHfO3,Ceramic,Oxide,Material Name: KHfO3. Category: Ceramic. Subcategory: Oxide. Formula: KHfO3. Density: 6.119 g/cm3. Notes: JVASP-36897.
MnO3,Ceramic,Oxide,Material Name: MnO3. Category: Ceramic. Subcategory: Oxide. Formula: MnO3. Density: 4.418 g/cm3. Notes: JVASP-90431.
TaSe2,Metal,Non-Ferrous,Material Name: TaSe2. Category: Metal. Subcategory: Non-Ferrous. Formula: TaSe2. Density: 8.34 g/cm3. Youngs Modulus: 80.13382337387627 GPa. Notes: JVASP-589.
Ba4GeBi,Metal,Non-Ferrous,Material Name: Ba4GeBi. Category: Metal. Subcategory: Non-Ferrous. Formula: Ba4GeBi. Density: 5.726 g/cm3. Notes: JVASP-63969.
Rb6Si2O7,Ceramic,Oxide,Material Name: Rb6Si2O7. Category: Ceramic. Subcategory: Oxide. Formula: Rb6Si2O7. Density: 3.944 g/cm3. Notes: JVASP-98363.
H4N2O3,Unknown,,Material Name: H4N2O3. Category: Unknown. Formula: H4N2O3. Density: 1.802 g/cm3. Notes: JVASP-98301.
NbFeO4,Ceramic,Oxide,Material Name: NbFeO4. Category: Ceramic. Subcategory: Oxide. Formula: NbFeO4. Density: 4.628 g/cm3. Notes: JVASP-43030.
Ba4HfTl,Metal,Non-Ferrous,Material Name: Ba4HfTl. Category: Metal. Subcategory: Non-Ferrous. Formula: Ba4HfTl. Density: 6.164 g/cm3. Notes: JVASP-64462.
SrLiCoF6,Ceramic,Mixed,Material Name: SrLiCoF6. Category: Ceramic. Subcategory: Mixed. Formula: SrLiCoF6. Density: 3.845 g/cm3. Notes: JVASP-88159.
VClO,Ceramic,Oxide,Material Name: VClO. Category: Ceramic. Subcategory: Oxide. Formula: VClO. Density: 3.46 g/cm3. Youngs Modulus: 2.722888044431453 GPa. Notes: JVASP-3753.
Fe3O4,Ceramic,Oxide,Material Name: Fe3O4. Category: Ceramic. Subcategory: Oxide. Formula: Fe3O4. Density: 5.694 g/cm3. Notes: JVASP-87334.
Nd4Ge3S12,Ceramic,Mixed,Material Name: Nd4Ge3S12. Category: Ceramic. Subcategory: Mixed. Formula: Nd4Ge3S12. Density: 4.509 g/cm3. Notes: JVASP-97633.
SmInNi,Metal,Superalloy,Material Name: SmInNi. Category: Metal. Subcategory: Superalloy. Formula: SmInNi. Density: 8.552 g/cm3. Notes: JVASP-89905.
PuTaC2,Ceramic,Carbide,Material Name: PuTaC2. Category: Ceramic. Subcategory: Carbide. Formula: PuTaC2. Density: 14.244 g/cm3. Notes: JVASP-107743.
Nb5As4Pd4,Metal,Non-Ferrous,Material Name: Nb5As4Pd4. Category: Metal. Subcategory: Non-Ferrous. Formula: Nb5As4Pd4. Density: 9.163 g/cm3. Notes: JVASP-86978.
BaH4O6,Ceramic,Oxide,Material Name: BaH4O6. Category: Ceramic. Subcategory: Oxide. Formula: BaH4O6. Density: 3.322 g/cm3. Notes: JVASP-97506.
FeAgSe2,Metal,Ferrous,Material Name: FeAgSe2. Category: Metal. Subcategory: Ferrous. Formula: FeAgSe2. Density: 5.643 g/cm3. Notes: JVASP-90438.
SmZrF7,Ceramic,Mixed,Material Name: SmZrF7. Category: Ceramic. Subcategory: Mixed. Formula: SmZrF7. Density: 4.382 g/cm3. Notes: JVASP-97342.
RbFeSe2,Metal,Ferrous,Material Name: RbFeSe2. Category: Metal. Subcategory: Ferrous. Formula: RbFeSe2. Density: 4.42 g/cm3. Notes: JVASP-90539.
CuO,Ceramic,Oxide,Material Name: CuO. Category: Ceramic. Subcategory: Oxide. Formula: CuO. Density: 4.039 g/cm3. Youngs Modulus: 1.1613628620102214 GPa. Notes: JVASP-91612.
RbFeS2,Ceramic,Mixed,Material Name: RbFeS2. Category: Ceramic. Subcategory: Mixed. Formula: RbFeS2. Density: 3.5 g/cm3. Youngs Modulus: 37.13987232807816 GPa. Notes: JVASP-91750.
PaNi3,Metal,Non-Ferrous,Material Name: PaNi3. Category: Metal. Subcategory: Non-Ferrous. Formula: PaNi3. Density: 11.502 g/cm3. Youngs Modulus: 137.17842473235746 GPa. Notes: JVASP-91993.
Ba4ZnTe,Metal,Non-Ferrous,Material Name: Ba4ZnTe. Category: Metal. Subcategory: Non-Ferrous. Formula: Ba4ZnTe. Density: 4.805 g/cm3. Notes: JVASP-64544.
Ba4CoCl,Ceramic,Mixed,Material Name: Ba4CoCl. Category: Ceramic. Subcategory: Mixed. Formula: Ba4CoCl. Density: 4.461 g/cm3. Notes: JVASP-64803.
Ba4MgPd,Metal,Non-Ferrous,Material Name: Ba4MgPd. Category: Metal. Subcategory: Non-Ferrous. Formula: Ba4MgPd. Density: 4.54 g/cm3. Notes: JVASP-64203.
ZrBe2Cr,Metal,Non-Ferrous,Material Name: ZrBe2Cr. Category: Metal. Subcategory: Non-Ferrous. Formula: ZrBe2Cr. Density: 5.084 g/cm3. Youngs Modulus: 83.4251045413973 GPa. Notes: JVASP-64878.
Rb2PtCl6,Ceramic,Mixed,Material Name: Rb2PtCl6. Category: Ceramic. Subcategory: Mixed. Formula: Rb2PtCl6. Density: 3.988 g/cm3. Youngs Modulus: 26.92766132588564 GPa. Notes: JVASP-3657.
ZrBePb4,Metal,Non-Ferrous,Material Name: ZrBePb4. Category: Metal. Subcategory: Non-Ferrous. Formula: ZrBePb4. Density: 8.886 g/cm3. Notes: JVASP-65073.
BaH2C2O4,Ceramic,Oxide,Material Name: BaH2C2O4. Category: Ceramic. Subcategory: Oxide. Formula: BaH2C2O4. Density: 3.265 g/cm3. Notes: JVASP-98620.
TmSi2Ni2,Ceramic,Mixed,Material Name: TmSi2Ni2. Category: Ceramic. Subcategory: Mixed. Formula: TmSi2Ni2. Density: 7.676 g/cm3. Notes: JVASP-15389.
HfReSi,Ceramic,Mixed,Material Name: HfReSi. Category: Ceramic. Subcategory: Mixed. Formula: HfReSi. Density: 13.619 g/cm3. Notes: JVASP-89977.
KPSe6,Ceramic,Mixed,Material Name: KPSe6. Category: Ceramic. Subcategory: Mixed. Formula: KPSe6. Density: 4.047 g/cm3. Notes: JVASP-97998.
CaZn3Se4,Metal,Non-Ferrous,Material Name: CaZn3Se4. Category: Metal. Subcategory: Non-Ferrous. Formula: CaZn3Se4. Density: 4.391 g/cm3. Youngs Modulus: 33.09671548501746 GPa. Notes: JVASP-91944.
DyInCo2,Metal,Non-Ferrous,Material Name: DyInCo2. Category: Metal. Subcategory: Non-Ferrous. Formula: DyInCo2. Density: 9.253 g/cm3. Notes: JVASP-90631.
ZrUN2,Ceramic,Nitride,Material Name: ZrUN2. Category: Ceramic. Subcategory: Nitride. Formula: ZrUN2. Density: 11.188 g/cm3. Youngs Modulus: 323.94948494885887 GPa. Notes: JVASP-91852.
TlNO2,Ceramic,Oxide,Material Name: TlNO2. Category: Ceramic. Subcategory: Oxide. Formula: TlNO2. Density: 6.138 g/cm3. Youngs Modulus: 26.40964689749743 GPa. Notes: JVASP-53082.
SmGePt,Metal,Non-Ferrous,Material Name: SmGePt. Category: Metal. Subcategory: Non-Ferrous. Formula: SmGePt. Density: 11.327 g/cm3. Notes: JVASP-97390.
YbCO3,Ceramic,Oxide,Material Name: YbCO3. Category: Ceramic. Subcategory: Oxide. Formula: YbCO3. Density: 6.511 g/cm3. Notes: JVASP-50695.
Ba4NaW,Metal,Non-Ferrous,Material Name: Ba4NaW. Category: Metal. Subcategory: Non-Ferrous. Formula: Ba4NaW. Density: 5.177 g/cm3. Notes: JVASP-64017.
LiMnF4,Ceramic,Mixed,Material Name: LiMnF4. Category: Ceramic. Subcategory: Mixed. Formula: LiMnF4. Density: 3.591 g/cm3. Notes: JVASP-48653.
Rb4Zr3Te16,Metal,Non-Ferrous,Material Name: Rb4Zr3Te16. Category: Metal. Subcategory: Non-Ferrous. Formula: Rb4Zr3Te16. Density: 5.281 g/cm3. Notes: JVASP-98046.
Tm4B6O15,Ceramic,Oxide,Material Name: Tm4B6O15. Category: Ceramic. Subcategory: Oxide. Formula: Tm4B6O15. Density: 4.585 g/cm3. Notes: JVASP-50404.
CeMgAg,Metal,Non-Ferrous,Material Name: CeMgAg. Category: Metal. Subcategory: Non-Ferrous. Formula: CeMgAg. Density: 6.207 g/cm3. Notes: JVASP-90046.
Li2Co4O7F,Ceramic,Oxide,Material Name: Li2Co4O7F. Category: Ceramic. Subcategory: Oxide. Formula: Li2Co4O7F. Density: 4.853 g/cm3. Notes: JVASP-42308.
Ba4CdHg,Metal,Non-Ferrous,Material Name: Ba4CdHg. Category: Metal. Subcategory: Non-Ferrous. Formula: Ba4CdHg. Density: 5.477 g/cm3. Youngs Modulus: 1.418978102189781 GPa. Notes: JVASP-64144.
TiCd,Metal,Non-Ferrous,Material Name: TiCd. Category: Metal. Subcategory: Non-Ferrous. Formula: TiCd. Density: 7.025 g/cm3. Youngs Modulus: 96.93800225617886 GPa. Notes: JVASP-18656.
Ca2AlH10ClO8,Ceramic,Oxide,Material Name: Ca2AlH10ClO8. Category: Ceramic. Subcategory: Oxide. Formula: Ca2AlH10ClO8. Density: 1.794 g/cm3. Notes: JVASP-97930.
Ba4TiMn,Metal,Non-Ferrous,Material Name: Ba4TiMn. Category: Metal. Subcategory: Non-Ferrous. Formula: Ba4TiMn. Density: 4.6 g/cm3. Notes: JVASP-63926.
Nb5Si3,Ceramic,Mixed,Material Name: Nb5Si3. Category: Ceramic. Subcategory: Mixed. Formula: Nb5Si3. Density: 6.951 g/cm3. Notes: JVASP-98190.
Ce2Si2O7,Ceramic,Oxide,Material Name: Ce2Si2O7. Category: Ceramic. Subcategory: Oxide. Formula: Ce2Si2O7. Density: 4.798 g/cm3. Notes: JVASP-97755.
Ba4NbPb,Metal,Non-Ferrous,Material Name: Ba4NbPb. Category: Metal. Subcategory: Non-Ferrous. Formula: Ba4NbPb. Density: 5.739 g/cm3. Notes: JVASP-64266.
EuIn2,Metal,Non-Ferrous,Material Name: EuIn2. Category: Metal. Subcategory: Non-Ferrous. Formula: EuIn2. Density: 8.126 g/cm3. Notes: JVASP-85565.
LiAlB14,Ceramic,Boride,Material Name: LiAlB14. Category: Ceramic. Subcategory: Boride. Formula: LiAlB14. Density: 2.498 g/cm3. Notes: JVASP-88373.
ErAgGe,Metal,Non-Ferrous,Material Name: ErAgGe. Category: Metal. Subcategory: Non-Ferrous. Formula: ErAgGe. Density: 9.508 g/cm3. Notes: JVASP-86278.
K2NdP5O15,Ceramic,Oxide,Material Name: K2NdP5O15. Category: Ceramic. Subcategory: Oxide. Formula: K2NdP5O15. Density: 3.179 g/cm3. Notes: JVASP-97442.
MnBiSe2I,Metal,Non-Ferrous,Material Name: MnBiSe2I. Category: Metal. Subcategory: Non-Ferrous. Formula: MnBiSe2I. Density: 6.554 g/cm3. Notes: JVASP-86211.
Ba4FeSn,Metal,Ferrous,Material Name: Ba4FeSn. Category: Metal. Subcategory: Ferrous. Formula: Ba4FeSn. Density: 5.086 g/cm3. Notes: JVASP-64057.
Ag2Se,Metal,Non-Ferrous,Material Name: Ag2Se. Category: Metal. Subcategory: Non-Ferrous. Formula: Ag2Se. Density: 7.529 g/cm3. Notes: JVASP-22648.
Ba3Li4Sn8,Metal,Non-Ferrous,Material Name: Ba3Li4Sn8. Category: Metal. Subcategory: Non-Ferrous. Formula: Ba3Li4Sn8. Density: 5.4 g/cm3. Notes: JVASP-98735.
ZrBe2Nb,Metal,Non-Ferrous,Material Name: ZrBe2Nb. Category: Metal. Subcategory: Non-Ferrous. Formula: ZrBe2Nb. Density: 5.633 g/cm3. Notes: JVASP-64956.
AlFe2,Metal,Ferrous,Material Name: AlFe2. Category: Metal. Subcategory: Ferrous. Formula: AlFe2. Density: 6.232 g/cm3. Notes: JVASP-18825.
BaCaBr,Metal,Non-Ferrous,Material Name: BaCaBr. Category: Metal. Subcategory: Non-Ferrous. Formula: BaCaBr. Density: 2.914 g/cm3. Youngs Modulus: -173.6151904243744 GPa. Notes: JVASP-64334.
Ba4LiNb,Metal,Non-Ferrous,Material Name: Ba4LiNb. Category: Metal. Subcategory: Non-Ferrous. Formula: Ba4LiNb. Density: 4.046 g/cm3. Youngs Modulus: 6.095049504950496 GPa. Notes: JVASP-64739.
BeCo4Ru,Metal,Non-Ferrous,Material Name: BeCo4Ru. Category: Metal. Subcategory: Non-Ferrous. Formula: BeCo4Ru. Density: 8.231 g/cm3. Youngs Modulus: 162.14821189003328 GPa. Notes: JVASP-64994.
V6O11F,Ceramic,Oxide,Material Name: V6O11F. Category: Ceramic. Subcategory: Oxide. Formula: V6O11F. Density: 4.559 g/cm3. Notes: JVASP-42544.
NaGe2P3O12,Ceramic,Oxide,Material Name: NaGe2P3O12. Category: Ceramic. Subcategory: Oxide. Formula: NaGe2P3O12. Density: 3.642 g/cm3. Notes: JVASP-98239.
Sm2Co7B3,Ceramic,Boride,Material Name: Sm2Co7B3. Category: Ceramic. Subcategory: Boride. Formula: Sm2Co7B3. Density: 8.735 g/cm3. Notes: JVASP-98505.
BeInSn,Metal,Non-Ferrous,Material Name: BeInSn. Category: Metal. Subcategory: Non-Ferrous. Formula: BeInSn. Density: 6.247 g/cm3. Youngs Modulus: 27.160255001099145 GPa. Notes: JVASP-65109.
CoSbO4,Ceramic,Oxide,Material Name: CoSbO4. Category: Ceramic. Subcategory: Oxide. Formula: CoSbO4. Density: 5.718 g/cm3. Youngs Modulus: 196.8791894600652 GPa. Notes: JVASP-43066.
YBrO,Ceramic,Oxide,Material Name: YBrO. Category: Ceramic. Subcategory: Oxide. Formula: YBrO. Density: 4.863 g/cm3. Youngs Modulus: 64.79582891523204 GPa. Notes: JVASP-12049.
Sn2BF7,Ceramic,Boride,Material Name: Sn2BF7. Category: Ceramic. Subcategory: Boride. Formula: Sn2BF7. Density: 4.074 g/cm3. Notes: JVASP-97814.
CaZr4P6O24,Ceramic,Oxide,Material Name: CaZr4P6O24. Category: Ceramic. Subcategory: Oxide. Formula: CaZr4P6O24. Density: 3.146 g/cm3. Notes: JVASP-97864.
FeH3,Metal,Ferrous,Material Name: FeH3. Category: Metal. Subcategory: Ferrous. Formula: FeH3. Density: 5.474 g/cm3. Youngs Modulus: 8.7749530956848 GPa. Notes: JVASP-90860.
FeCu2GeSe4,Metal,Ferrous,Material Name: FeCu2GeSe4. Category: Metal. Subcategory: Ferrous. Formula: FeCu2GeSe4. Density: 5.348 g/cm3. Youngs Modulus: 60.51529307544663 GPa. Notes: JVASP-90718.
Li3SbS4,Ceramic,Mixed,Material Name: Li3SbS4. Category: Ceramic. Subcategory: Mixed. Formula: Li3SbS4. Density: 2.051 g/cm3. Youngs Modulus: 17.130143540669856 GPa. Notes: JVASP-42666.
LiFeO2,Ceramic,Oxide,Material Name: LiFeO2. Category: Ceramic. Subcategory: Oxide. Formula: LiFeO2. Density: 4.768 g/cm3. Notes: JVASP-48101.
N,Ceramic,Elemental,Material Name: N. Category: Ceramic. Subcategory: Elemental. Formula: N. Density: 0.683 g/cm3. Youngs Modulus: -22.64224832214765 GPa. Notes: JVASP-1759.
PrYMg2,Metal,Non-Ferrous,Material Name: PrYMg2. Category: Metal. Subcategory: Non-Ferrous. Formula: PrYMg2. Density: 4.122 g/cm3. Notes: JVASP-107744.
Ba4NbSn,Metal,Non-Ferrous,Material Name: Ba4NbSn. Category: Metal. Subcategory: Non-Ferrous. Formula: Ba4NbSn. Density: 5.221 g/cm3. Notes: JVASP-64105.
NdAl2Ga2,Metal,Non-Ferrous,Material Name: NdAl2Ga2. Category: Metal. Subcategory: Non-Ferrous. Formula: NdAl2Ga2. Density: 5.621 g/cm3. Notes: JVASP-86037.
Ba4ZnSb,Metal,Non-Ferrous,Material Name: Ba4ZnSb. Category: Metal. Subcategory: Non-Ferrous. Formula: Ba4ZnSb. Density: 4.873 g/cm3. Notes: JVASP-64547.
Ba4TcSb,Metal,Non-Ferrous,Material Name: Ba4TcSb. Category: Metal. Subcategory: Non-Ferrous. Formula: Ba4TcSb. Density: 5.456 g/cm3. Notes: JVASP-63970.
Ba4SrRu,Metal,Non-Ferrous,Material Name: Ba4SrRu. Category: Metal. Subcategory: Non-Ferrous. Formula: Ba4SrRu. Density: 4.72 g/cm3. Notes: JVASP-64612.
Ba4HfIn,Metal,Non-Ferrous,Material Name: Ba4HfIn. Category: Metal. Subcategory: Non-Ferrous. Formula: Ba4HfIn. Density: 5.615 g/cm3. Notes: JVASP-64684.
PbS,Ceramic,Mixed,Material Name: PbS. Category: Ceramic. Subcategory: Mixed. Formula: PbS. Density: 7.218 g/cm3. Youngs Modulus: 52.06274690886888 GPa. Notes: JVASP-28356.
Mn3O2F4,Ceramic,Oxide,Material Name: Mn3O2F4. Category: Ceramic. Subcategory: Oxide. Formula: Mn3O2F4. Density: 4.332 g/cm3. Notes: JVASP-42726.
CeMgPt,Metal,Non-Ferrous,Material Name: CeMgPt. Category: Metal. Subcategory: Non-Ferrous. Formula: CeMgPt. Density: 9.021 g/cm3. Notes: JVASP-87915.
SrHfMg6,Metal,Non-Ferrous,Material Name: SrHfMg6. Category: Metal. Subcategory: Non-Ferrous. Formula: SrHfMg6. Density: 3.467 g/cm3. Notes: JVASP-92203.
Na2O,Ceramic,Oxide,Material Name: Na2O. Category: Ceramic. Subcategory: Oxide. Formula: Na2O. Density: 2.633 g/cm3. Youngs Modulus: 78.74326955692177 GPa. Notes: JVASP-43637.
RbMg7,Metal,Non-Ferrous,Material Name: RbMg7. Category: Metal. Subcategory: Non-Ferrous. Formula: RbMg7. Density: 1.876 g/cm3. Notes: JVASP-91894.
Sr3Fe2O7,Ceramic,Oxide,Material Name: Sr3Fe2O7. Category: Ceramic. Subcategory: Oxide. Formula: Sr3Fe2O7. Density: 5.505 g/cm3. Notes: JVASP-97343.
Ho4CdRh,Metal,Non-Ferrous,Material Name: Ho4CdRh. Category: Metal. Subcategory: Non-Ferrous. Formula: Ho4CdRh. Density: 9.581 g/cm3. Notes: JVASP-98818.
UO2,Unknown,,Material Name: UO2. Category: Unknown. Formula: UO2. Density: 11.253 g/cm3. Youngs Modulus: 256.6820424819812 GPa. Notes: JVASP-1222.
Ba4MoSe,Metal,Non-Ferrous,Material Name: Ba4MoSe. Category: Metal. Subcategory: Non-Ferrous. Formula: Ba4MoSe. Density: 5.043 g/cm3. Youngs Modulus: 0.7163727959697732 GPa. Notes: JVASP-64391.
K2Ca3Si3O10,Ceramic,Oxide,Material Name: K2Ca3Si3O10. Category: Ceramic. Subcategory: Oxide. Formula: K2Ca3Si3O10. Density: 2.996 g/cm3. Notes: JVASP-98452.
LiFe2F5,Ceramic,Mixed,Material Name: LiFe2F5. Category: Ceramic. Subcategory: Mixed. Formula: LiFe2F5. Density: 3.798 g/cm3. Notes: JVASP-44082.
Ba4InSb,Metal,Non-Ferrous,Material Name: Ba4InSb. Category: Metal. Subcategory: Non-Ferrous. Formula: Ba4InSb. Density: 5.225 g/cm3. Notes: JVASP-64806.
Li4CuF7,Ceramic,Mixed,Material Name: Li4CuF7. Category: Ceramic. Subcategory: Mixed. Formula: Li4CuF7. Density: 2.631 g/cm3. Notes: JVASP-50767.
Li4BeTc,Metal,Non-Ferrous,Material Name: Li4BeTc. Category: Metal. Subcategory: Non-Ferrous. Formula: Li4BeTc. Density: 3.034 g/cm3. Notes: JVASP-64916.
Mg5Tl2,Metal,Non-Ferrous,Material Name: Mg5Tl2. Category: Metal. Subcategory: Non-Ferrous. Formula: Mg5Tl2. Density: 5.399 g/cm3. Notes: JVASP-98569.
Ba4InGa,Metal,Non-Ferrous,Material Name: Ba4InGa. Category: Metal. Subcategory: Non-Ferrous. Formula: Ba4InGa. Density: 4.791 g/cm3. Notes: JVASP-64463.
EuTaO4,Ceramic,Oxide,Material Name: EuTaO4. Category: Ceramic. Subcategory: Oxide. Formula: EuTaO4. Density: 8.545 g/cm3. Notes: JVASP-86448.
VCu3O4,Ceramic,Oxide,Material Name: VCu3O4. Category: Ceramic. Subcategory: Oxide. Formula: VCu3O4. Density: 5.368 g/cm3. Notes: JVASP-89270.
BeP4Rh,Ceramic,Mixed,Material Name: BeP4Rh. Category: Ceramic. Subcategory: Mixed. Formula: BeP4Rh. Density: 4.466 g/cm3. Notes: JVASP-65032.
Tm2Ni17,Metal,Non-Ferrous,Material Name: Tm2Ni17. Category: Metal. Subcategory: Non-Ferrous. Formula: Tm2Ni17. Density: 9.536 g/cm3. Notes: JVASP-97585.
NiRuO3,Ceramic,Oxide,Material Name: NiRuO3. Category: Ceramic. Subcategory: Oxide. Formula: NiRuO3. Density: 6.735 g/cm3. Notes: JVASP-38648.
TiInFe2,Metal,Ferrous,Material Name: TiInFe2. Category: Metal. Subcategory: Ferrous. Formula: TiInFe2. Density: 8.171 g/cm3. Youngs Modulus: 194.23535502807124 GPa. Notes: JVASP-37028.
Ce7O12,Ceramic,Oxide,Material Name: Ce7O12. Category: Ceramic. Subcategory: Oxide. Formula: Ce7O12. Density: 6.584 g/cm3. Notes: JVASP-86377.
Be2NbCu,Metal,Non-Ferrous,Material Name: Be2NbCu. Category: Metal. Subcategory: Non-Ferrous. Formula: Be2NbCu. Density: 5.953 g/cm3. Notes: JVASP-64879.
CrO,Ceramic,Oxide,Material Name: CrO. Category: Ceramic. Subcategory: Oxide. Formula: CrO. Density: 4.91 g/cm3. Notes: JVASP-107785.
BiP4HO12,Ceramic,Oxide,Material Name: BiP4HO12. Category: Ceramic. Subcategory: Oxide. Formula: BiP4HO12. Density: 3.877 g/cm3. Notes: JVASP-98366.
TaP4S5Cl5,Ceramic,Mixed,Material Name: TaP4S5Cl5. Category: Ceramic. Subcategory: Mixed. Formula: TaP4S5Cl5. Density: 2.846 g/cm3. Notes: JVASP-97634.
Ba4ZnFe,Metal,Ferrous,Material Name: Ba4ZnFe. Category: Metal. Subcategory: Ferrous. Formula: Ba4ZnFe. Density: 4.679 g/cm3. Notes: JVASP-63927.
LiVSi2O6,Ceramic,Oxide,Material Name: LiVSi2O6. Category: Ceramic. Subcategory: Oxide. Formula: LiVSi2O6. Density: 3.32 g/cm3. Notes: JVASP-97999.
Ba4TiCu,Metal,Non-Ferrous,Material Name: Ba4TiCu. Category: Metal. Subcategory: Non-Ferrous. Formula: Ba4TiCu. Density: 4.229 g/cm3. Notes: JVASP-64745.
Ba4TiBe,Metal,Non-Ferrous,Material Name: Ba4TiBe. Category: Metal. Subcategory: Non-Ferrous. Formula: Ba4TiBe. Density: 4.141 g/cm3. Notes: JVASP-64019.
Ba4CaNb,Metal,Non-Ferrous,Material Name: Ba4CaNb. Category: Metal. Subcategory: Non-Ferrous. Formula: Ba4CaNb. Density: 4.137 g/cm3. Youngs Modulus: -2.4511863503065845 GPa. Notes: JVASP-64205.
Ba4TaBi,Metal,Non-Ferrous,Material Name: Ba4TaBi. Category: Metal. Subcategory: Non-Ferrous. Formula: Ba4TaBi. Density: 6.417 g/cm3. Notes: JVASP-64059.
La3Ga,Metal,Non-Ferrous,Material Name: La3Ga. Category: Metal. Subcategory: Non-Ferrous. Formula: La3Ga. Density: 6.756 g/cm3. Notes: JVASP-88843.
Ta2Tl4Se11,Metal,Non-Ferrous,Material Name: Ta2Tl4Se11. Category: Metal. Subcategory: Non-Ferrous. Formula: Ta2Tl4Se11. Density: 6.9 g/cm3. Notes: JVASP-98047.
TaReSi,Ceramic,Mixed,Material Name: TaReSi. Category: Ceramic. Subcategory: Mixed. Formula: TaReSi. Density: 14.469 g/cm3. Notes: JVASP-90239.
BaSrTe,Metal,Non-Ferrous,Material Name: BaSrTe. Category: Metal. Subcategory: Non-Ferrous. Formula: BaSrTe. Density: 3.98 g/cm3. Notes: JVASP-64147.
Ba4YHf,Metal,Non-Ferrous,Material Name: Ba4YHf. Category: Metal. Subcategory: Non-Ferrous. Formula: Ba4YHf. Density: 5.419 g/cm3. Notes: JVASP-64272.
BeVSe,Metal,Non-Ferrous,Material Name: BeVSe. Category: Metal. Subcategory: Non-Ferrous. Formula: BeVSe. Density: 6.046 g/cm3. Youngs Modulus: 277.98241362549334 GPa. Notes: JVASP-65074.
YbBa2SbO6,Ceramic,Oxide,Material Name: YbBa2SbO6. Category: Ceramic. Subcategory: Oxide. Formula: YbBa2SbO6. Density: 5.496 g/cm3. Notes: JVASP-98192.
Rb4CO4,Ceramic,Oxide,Material Name: Rb4CO4. Category: Ceramic. Subcategory: Oxide. Formula: Rb4CO4. Density: 4.051 g/cm3. Notes: JVASP-97865.
KTmI3,Metal,Non-Ferrous,Material Name: KTmI3. Category: Metal. Subcategory: Non-Ferrous. Formula: KTmI3. Density: 5.332 g/cm3. Notes: JVASP-86906.
Na3Co2SbO6,Ceramic,Oxide,Material Name: Na3Co2SbO6. Category: Ceramic. Subcategory: Oxide. Formula: Na3Co2SbO6. Density: 5.014 g/cm3. Notes: JVASP-89042.
Ba4GaPb,Metal,Non-Ferrous,Material Name: Ba4GaPb. Category: Metal. Subcategory: Non-Ferrous. Formula: Ba4GaPb. Density: 5.427 g/cm3. Notes: JVASP-64335.
Ba4MnZn,Metal,Non-Ferrous,Material Name: Ba4MnZn. Category: Metal. Subcategory: Non-Ferrous. Formula: Ba4MnZn. Density: 4.732 g/cm3. Notes: JVASP-64549.
RuN6Cl2,Ceramic,Nitride,Material Name: RuN6Cl2. Category: Ceramic. Subcategory: Nitride. Formula: RuN6Cl2. Density: 3.393 g/cm3. Notes: JVASP-90343.
Li6MnO2F4,Ceramic,Oxide,Material Name: Li6MnO2F4. Category: Ceramic. Subcategory: Oxide. Formula: Li6MnO2F4. Density: 2.272 g/cm3. Notes: JVASP-48314.
Ba4TaGa,Metal,Non-Ferrous,Material Name: Ba4TaGa. Category: Metal. Subcategory: Non-Ferrous. Formula: Ba4TaGa. Density: 5.624 g/cm3. Notes: JVASP-64107.
Ba4BiSb,Metal,Non-Ferrous,Material Name: Ba4BiSb. Category: Metal. Subcategory: Non-Ferrous. Formula: Ba4BiSb. Density: 5.994 g/cm3. Notes: JVASP-63972.
Ba4ScTe,Metal,Non-Ferrous,Material Name: Ba4ScTe. Category: Metal. Subcategory: Non-Ferrous. Formula: Ba4ScTe. Density: 4.502 g/cm3. Notes: JVASP-64613.
MnPS3,Ceramic,Mixed,Material Name: MnPS3. Category: Ceramic. Subcategory: Mixed. Formula: MnPS3. Density: 2.94 g/cm3. Youngs Modulus: 50.39398568019093 GPa. Notes: JVASP-4603.
Ca4Ni3C5,Ceramic,Carbide,Material Name: Ca4Ni3C5. Category: Ceramic. Subcategory: Carbide. Formula: Ca4Ni3C5. Density: 3.511 g/cm3. Notes: JVASP-88565.
BeTcRh4,Metal,Non-Ferrous,Material Name: BeTcRh4. Category: Metal. Subcategory: Non-Ferrous. Formula: BeTcRh4. Density: 9.706 g/cm3. Notes: JVASP-64957.
Ba4SbBr,Metal,Non-Ferrous,Material Name: Ba4SbBr. Category: Metal. Subcategory: Non-Ferrous. Formula: Ba4SbBr. Density: 5.024 g/cm3. Notes: JVASP-64807.
PrCu,Metal,Non-Ferrous,Material Name: PrCu. Category: Metal. Subcategory: Non-Ferrous. Formula: PrCu. Density: 7.068 g/cm3. Notes: JVASP-91658.
Pr,Metal,Non-Ferrous,Material Name: Pr. Category: Metal. Subcategory: Non-Ferrous. Formula: Pr. Density: 6.611 g/cm3. Youngs Modulus: 42.962924568780565 GPa. Notes: JVASP-14834.
Rb2CoF6,Ceramic,Mixed,Material Name: Rb2CoF6. Category: Ceramic. Subcategory: Mixed. Formula: Rb2CoF6. Density: 3.87 g/cm3. Youngs Modulus: 26.802919708029197 GPa. Notes: JVASP-22621.
ZnCoO2,Ceramic,Oxide,Material Name: ZnCoO2. Category: Ceramic. Subcategory: Oxide. Formula: ZnCoO2. Density: 6.646 g/cm3. Notes: JVASP-44249.
Li3MnF6,Ceramic,Mixed,Material Name: Li3MnF6. Category: Ceramic. Subcategory: Mixed. Formula: Li3MnF6. Density: 3.177 g/cm3. Notes: JVASP-48580.
H2O,Unknown,,Material Name: H2O. Category: Unknown. Formula: H2O. Density: 1.287 g/cm3. Notes: JVASP-97756.
Ca10Al6Ge9,Metal,Non-Ferrous,Material Name: Ca10Al6Ge9. Category: Metal. Subcategory: Non-Ferrous. Formula: Ca10Al6Ge9. Density: 3.457 g/cm3. Notes: JVASP-98098.
KAgO3,Ceramic,Oxide,Material Name: KAgO3. Category: Ceramic. Subcategory: Oxide. Formula: KAgO3. Density: 4.601 g/cm3. Notes: JVASP-38515.
H3NO4,Unknown,,Material Name: H3NO4. Category: Unknown. Formula: H3NO4. Density: 1.898 g/cm3. Notes: JVASP-97507.
NaBeIn4,Metal,Non-Ferrous,Material Name: NaBeIn4. Category: Metal. Subcategory: Non-Ferrous. Formula: NaBeIn4. Density: 4.996 g/cm3. Notes: JVASP-65111.
Ba4TlPb,Metal,Non-Ferrous,Material Name: Ba4TlPb. Category: Metal. Subcategory: Non-Ferrous. Formula: Ba4TlPb. Density: 6.163 g/cm3. Notes: JVASP-64464.
LiMnP,Ceramic,Mixed,Material Name: LiMnP. Category: Ceramic. Subcategory: Mixed. Formula: LiMnP. Density: 3.694 g/cm3. Youngs Modulus: 107.90615218491648 GPa. Notes: JVASP-88017.
Sr3Hf2O7,Ceramic,Oxide,Material Name: Sr3Hf2O7. Category: Ceramic. Subcategory: Oxide. Formula: Sr3Hf2O7. Density: 6.912 g/cm3. Notes: JVASP-52552.
YInCo2,Metal,Non-Ferrous,Material Name: YInCo2. Category: Metal. Subcategory: Non-Ferrous. Formula: YInCo2. Density: 7.481 g/cm3. Notes: JVASP-91568.
TlCuHSeO5,Ceramic,Oxide,Material Name: TlCuHSeO5. Category: Ceramic. Subcategory: Oxide. Formula: TlCuHSeO5. Density: 5.711 g/cm3. Notes: JVASP-85793.
Ba3Nb2CoO9,Ceramic,Oxide,Material Name: Ba3Nb2CoO9. Category: Ceramic. Subcategory: Oxide. Formula: Ba3Nb2CoO9. Density: 6.334 g/cm3. Notes: JVASP-86588.
KGaTe2,Metal,Non-Ferrous,Material Name: KGaTe2. Category: Metal. Subcategory: Non-Ferrous. Formula: KGaTe2. Density: 4.203 g/cm3. Notes: JVASP-90441.
Ba4MnFe,Metal,Ferrous,Material Name: Ba4MnFe. Category: Metal. Subcategory: Ferrous. Formula: Ba4MnFe. Density: 4.667 g/cm3. Notes: JVASP-64061.
Li4MnO2F2,Ceramic,Oxide,Material Name: Li4MnO2F2. Category: Ceramic. Subcategory: Oxide. Formula: Li4MnO2F2. Density: 2.694 g/cm3. Notes: JVASP-48805.
Sn3Te3Ir2,Metal,Non-Ferrous,Material Name: Sn3Te3Ir2. Category: Metal. Subcategory: Non-Ferrous. Formula: Sn3Te3Ir2. Density: 8.727 g/cm3. Notes: JVASP-97393.
Nb2Br5,Metal,Non-Ferrous,Material Name: Nb2Br5. Category: Metal. Subcategory: Non-Ferrous. Formula: Nb2Br5. Density: 4.58 g/cm3. Notes: JVASP-86734.
LiMnO4,Ceramic,Oxide,Material Name: LiMnO4. Category: Ceramic. Subcategory: Oxide. Formula: LiMnO4. Density: 2.937 g/cm3. Notes: JVASP-98001.
Ca3Ni7B2,Ceramic,Boride,Material Name: Ca3Ni7B2. Category: Ceramic. Subcategory: Boride. Formula: Ca3Ni7B2. Density: 5.665 g/cm3. Notes: JVASP-87047.
Ba4VTc,Metal,Non-Ferrous,Material Name: Ba4VTc. Category: Metal. Subcategory: Non-Ferrous. Formula: Ba4VTc. Density: 5.486 g/cm3. Notes: JVASP-64020.
Ba4VPb,Metal,Non-Ferrous,Material Name: Ba4VPb. Category: Metal. Subcategory: Non-Ferrous. Formula: Ba4VPb. Density: 5.521 g/cm3. Notes: JVASP-64206.
ScGeOs,Metal,Non-Ferrous,Material Name: ScGeOs. Category: Metal. Subcategory: Non-Ferrous. Formula: ScGeOs. Density: 10.416 g/cm3. Notes: JVASP-90175.
KBaV,Metal,Non-Ferrous,Material Name: KBaV. Category: Metal. Subcategory: Non-Ferrous. Formula: KBaV. Density: 2.631 g/cm3. Youngs Modulus: -11.195531289374212 GPa. Notes: JVASP-64392.
Ba4MgMo,Metal,Non-Ferrous,Material Name: Ba4MgMo. Category: Metal. Subcategory: Non-Ferrous. Formula: Ba4MgMo. Density: 4.723 g/cm3. Notes: JVASP-63928.
Ru,Metal,Non-Ferrous,Material Name: Ru. Category: Metal. Subcategory: Non-Ferrous. Formula: Ru. Density: 12.088 g/cm3. Youngs Modulus: 482.69348437876914 GPa. Notes: JVASP-16085.
Ba4LaBi,Metal,Non-Ferrous,Material Name: Ba4LaBi. Category: Metal. Subcategory: Non-Ferrous. Formula: Ba4LaBi. Density: 5.435 g/cm3. Notes: JVASP-64749.
K2Al2B2O7,Ceramic,Oxide,Material Name: K2Al2B2O7. Category: Ceramic. Subcategory: Oxide. Formula: K2Al2B2O7. Density: 2.459 g/cm3. Notes: JVASP-97443.
Li3Fe7O12,Ceramic,Oxide,Material Name: Li3Fe7O12. Category: Ceramic. Subcategory: Oxide. Formula: Li3Fe7O12. Density: 5.09 g/cm3. Notes: JVASP-47772.
Nd5Ir3,Metal,Non-Ferrous,Material Name: Nd5Ir3. Category: Metal. Subcategory: Non-Ferrous. Formula: Nd5Ir3. Density: 10.378 g/cm3. Notes: JVASP-98736.
Ba4ScPb,Metal,Non-Ferrous,Material Name: Ba4ScPb. Category: Metal. Subcategory: Non-Ferrous. Formula: Ba4ScPb. Density: 5.096 g/cm3. Notes: JVASP-64148.
CeCuSe2,Metal,Non-Ferrous,Material Name: CeCuSe2. Category: Metal. Subcategory: Non-Ferrous. Formula: CeCuSe2. Density: 6.641 g/cm3. Notes: JVASP-97586.
Nd2Ga5Cu3,Metal,Non-Ferrous,Material Name: Nd2Ga5Cu3. Category: Metal. Subcategory: Non-Ferrous. Formula: Nd2Ga5Cu3. Density: 7.51 g/cm3. Notes: JVASP-107745.
BeTcCl4,Ceramic,Mixed,Material Name: BeTcCl4. Category: Ceramic. Subcategory: Mixed. Formula: BeTcCl4. Density: 3.026 g/cm3. Notes: JVASP-65033.
Ba4CaFe,Metal,Ferrous,Material Name: Ba4CaFe. Category: Metal. Subcategory: Ferrous. Formula: Ba4CaFe. Density: 3.95 g/cm3. Notes: JVASP-64108.
Li4MnV3O8,Ceramic,Oxide,Material Name: Li4MnV3O8. Category: Ceramic. Subcategory: Oxide. Formula: Li4MnV3O8. Density: 4.182 g/cm3. Notes: JVASP-48391.
HoCoSn2,Metal,Non-Ferrous,Material Name: HoCoSn2. Category: Metal. Subcategory: Non-Ferrous. Formula: HoCoSn2. Density: 7.645 g/cm3. Notes: JVASP-98048.
Ba4SbPb,Metal,Non-Ferrous,Material Name: Ba4SbPb. Category: Metal. Subcategory: Non-Ferrous. Formula: Ba4SbPb. Density: 5.926 g/cm3. Notes: JVASP-64275.
ScBe2Cu,Metal,Non-Ferrous,Material Name: ScBe2Cu. Category: Metal. Subcategory: Non-Ferrous. Formula: ScBe2Cu. Density: 4.151 g/cm3. Youngs Modulus: 62.81964200693085 GPa. Notes: JVASP-64995.
EuPd2,Metal,Non-Ferrous,Material Name: EuPd2. Category: Metal. Subcategory: Non-Ferrous. Formula: EuPd2. Density: 10.528 g/cm3. Notes: JVASP-85863.
SmMnSi2,Ceramic,Mixed,Material Name: SmMnSi2. Category: Ceramic. Subcategory: Mixed. Formula: SmMnSi2. Density: 6.187 g/cm3. Youngs Modulus: 178.01469224658788 GPa. Notes: JVASP-91798.
ICl,Unknown,,Material Name: ICl. Category: Unknown. Formula: ICl. Density: 3.735 g/cm3. Youngs Modulus: 10.69329484902309 GPa. Notes: JVASP-85283.
CdSO3,Ceramic,Oxide,Material Name: CdSO3. Category: Ceramic. Subcategory: Oxide. Formula: CdSO3. Density: 4.307 g/cm3. Notes: JVASP-97866.
Li2CoO2F,Ceramic,Oxide,Material Name: Li2CoO2F. Category: Ceramic. Subcategory: Oxide. Formula: Li2CoO2F. Density: 4.221 g/cm3. Notes: JVASP-48474.
Ba4ScSe,Metal,Non-Ferrous,Material Name: Ba4ScSe. Category: Metal. Subcategory: Non-Ferrous. Formula: Ba4ScSe. Density: 4.321 g/cm3. Notes: JVASP-64336.
Be2FeW,Metal,Ferrous,Material Name: Be2FeW. Category: Metal. Subcategory: Ferrous. Formula: Be2FeW. Density: 9.919 g/cm3. Youngs Modulus: 212.17003177807177 GPa. Notes: JVASP-64917.
H3N,Unknown,,Material Name: H3N. Category: Unknown. Formula: H3N. Density: 0.971 g/cm3. Youngs Modulus: 16.489163738580466 GPa. Notes: JVASP-85669.
K3CO3F,Ceramic,Oxide,Material Name: K3CO3F. Category: Ceramic. Subcategory: Oxide. Formula: K3CO3F. Density: 2.537 g/cm3. Youngs Modulus: 44.67023554603854 GPa. Notes: JVASP-87109.
Ba4PPb,Ceramic,Mixed,Material Name: Ba4PPb. Category: Ceramic. Subcategory: Mixed. Formula: Ba4PPb. Density: 5.586 g/cm3. Notes: JVASP-63973.
FeSO4,Ceramic,Oxide,Material Name: FeSO4. Category: Ceramic. Subcategory: Oxide. Formula: FeSO4. Density: 3.6 g/cm3. Notes: JVASP-97344.
MgMnF6,Ceramic,Mixed,Material Name: MgMnF6. Category: Ceramic. Subcategory: Mixed. Formula: MgMnF6. Density: 3.486 g/cm3. Notes: JVASP-107786.
MnTe,Metal,Non-Ferrous,Material Name: MnTe. Category: Metal. Subcategory: Non-Ferrous. Formula: MnTe. Density: 6.393 g/cm3. Youngs Modulus: 76.4202316237296 GPa. Notes: JVASP-91526.
Ba4CoSe,Metal,Non-Ferrous,Material Name: Ba4CoSe. Category: Metal. Subcategory: Non-Ferrous. Formula: Ba4CoSe. Density: 5.049 g/cm3. Notes: JVASP-64614.
K2PdO2,Ceramic,Oxide,Material Name: K2PdO2. Category: Ceramic. Subcategory: Oxide. Formula: K2PdO2. Density: 4.411 g/cm3. Youngs Modulus: 83.2087804983561 GPa. Notes: JVASP-22560.
CaB3H5O8,Ceramic,Oxide,Material Name: CaB3H5O8. Category: Ceramic. Subcategory: Oxide. Formula: CaB3H5O8. Density: 2.454 g/cm3. Notes: JVASP-97636.
AsPO5,Unknown,,Material Name: AsPO5. Category: Unknown. Formula: AsPO5. Density: 3.818 g/cm3. Notes: JVASP-98455.
LiBe2Cl,Ceramic,Mixed,Material Name: LiBe2Cl. Category: Ceramic. Subcategory: Mixed. Formula: LiBe2Cl. Density: 1.679 g/cm3. Youngs Modulus: 38.44421146245059 GPa. Notes: JVASP-65075.
Be2NiRu,Metal,Superalloy,Material Name: Be2NiRu. Category: Metal. Subcategory: Superalloy. Formula: Be2NiRu. Density: 7.458 g/cm3. Notes: JVASP-64685.
YZn,Metal,Non-Ferrous,Material Name: YZn. Category: Metal. Subcategory: Non-Ferrous. Formula: YZn. Density: 5.662 g/cm3. Youngs Modulus: 86.06454874938474 GPa. Notes: JVASP-1396.
Ca3Mn2Si3O12,Ceramic,Oxide,Material Name: Ca3Mn2Si3O12. Category: Ceramic. Subcategory: Oxide. Formula: Ca3Mn2Si3O12. Density: 3.794 g/cm3. Notes: JVASP-97685.
LuNbO4,Ceramic,Oxide,Material Name: LuNbO4. Category: Ceramic. Subcategory: Oxide. Formula: LuNbO4. Density: 7.678 g/cm3. Youngs Modulus: 185.1488189879086 GPa. Notes: JVASP-85717.
K4CO4,Ceramic,Oxide,Material Name: K4CO4. Category: Ceramic. Subcategory: Oxide. Formula: K4CO4. Density: 2.651 g/cm3. Youngs Modulus: 21.76689329758713 GPa. Notes: JVASP-87220.
InCu6ClO8,Ceramic,Oxide,Material Name: InCu6ClO8. Category: Ceramic. Subcategory: Oxide. Formula: InCu6ClO8. Density: 5.631 g/cm3. Notes: JVASP-85469.
H4S4N6O,Unknown,,Material Name: H4S4N6O. Category: Unknown. Formula: H4S4N6O. Density: 2.097 g/cm3. Notes: JVASP-97932.
Ba4InSe,Metal,Non-Ferrous,Material Name: Ba4InSe. Category: Metal. Subcategory: Non-Ferrous. Formula: Ba4InSe. Density: 5.04 g/cm3. Notes: JVASP-64808.
Ba4TaSe,Metal,Non-Ferrous,Material Name: Ba4TaSe. Category: Metal. Subcategory: Non-Ferrous. Formula: Ba4TaSe. Density: 5.718 g/cm3. Notes: JVASP-64062.
Ba4PdPb,Metal,Non-Ferrous,Material Name: Ba4PdPb. Category: Metal. Subcategory: Non-Ferrous. Formula: Ba4PdPb. Density: 6.101 g/cm3. Notes: JVASP-63929.
MnBeCo4,Metal,Non-Ferrous,Material Name: MnBeCo4. Category: Metal. Subcategory: Non-Ferrous. Formula: MnBeCo4. Density: 7.598 g/cm3. Youngs Modulus: 144.5044860640526 GPa. Notes: JVASP-64880.
MnBeCd4,Metal,Non-Ferrous,Material Name: MnBeCd4. Category: Metal. Subcategory: Non-Ferrous. Formula: MnBeCd4. Density: 6.941 g/cm3. Notes: JVASP-65112.
La2MoO6,Ceramic,Oxide,Material Name: La2MoO6. Category: Ceramic. Subcategory: Oxide. Formula: La2MoO6. Density: 6.121 g/cm3. Notes: JVASP-90543.
BaCaSc,Metal,Non-Ferrous,Material Name: BaCaSc. Category: Metal. Subcategory: Non-Ferrous. Formula: BaCaSc. Density: 2.932 g/cm3. Notes: JVASP-64109.
SiBr4,Unknown,,Material Name: SiBr4. Category: Unknown. Formula: SiBr4. Density: 3.523 g/cm3. Notes: JVASP-98821.
Cu5Si2S7,Ceramic,Mixed,Material Name: Cu5Si2S7. Category: Ceramic. Subcategory: Mixed. Formula: Cu5Si2S7. Density: 3.985 g/cm3. Notes: JVASP-98508.
Ba2NaBi,Metal,Non-Ferrous,Material Name: Ba2NaBi. Category: Metal. Subcategory: Non-Ferrous. Formula: Ba2NaBi. Density: 5.229 g/cm3. Notes: JVASP-64149.
Ba4TlRh,Metal,Non-Ferrous,Material Name: Ba4TlRh. Category: Metal. Subcategory: Non-Ferrous. Formula: Ba4TlRh. Density: 6.198 g/cm3. Notes: JVASP-64021.
Ba4HfCd,Metal,Non-Ferrous,Material Name: Ba4HfCd. Category: Metal. Subcategory: Non-Ferrous. Formula: Ba4HfCd. Density: 5.511 g/cm3. Notes: JVASP-64207.
SbXeOF9,Unknown,,Material Name: SbXeOF9. Category: Unknown. Formula: SbXeOF9. Density: 3.892 g/cm3. Notes: JVASP-98570.
RbBiC4S4N4,Ceramic,Nitride,Material Name: RbBiC4S4N4. Category: Ceramic. Subcategory: Nitride. Formula: RbBiC4S4N4. Density: 3.174 g/cm3. Notes: JVASP-88718.
LiVF4,Ceramic,Mixed,Material Name: LiVF4. Category: Ceramic. Subcategory: Mixed. Formula: LiVF4. Density: 2.742 g/cm3. Notes: JVASP-42233.
Ba3Te4O11,Ceramic,Oxide,Material Name: Ba3Te4O11. Category: Ceramic. Subcategory: Oxide. Formula: Ba3Te4O11. Density: 5.438 g/cm3. Notes: JVASP-98367.
Ba4TeMo,Metal,Non-Ferrous,Material Name: Ba4TeMo. Category: Metal. Subcategory: Non-Ferrous. Formula: Ba4TeMo. Density: 5.187 g/cm3. Notes: JVASP-64276.
ZnCu2GeTe4,Metal,Non-Ferrous,Material Name: ZnCu2GeTe4. Category: Metal. Subcategory: Non-Ferrous. Formula: ZnCu2GeTe4. Density: 5.75 g/cm3. Notes: JVASP-91614.
TmPaO4,Ceramic,Oxide,Material Name: TmPaO4. Category: Ceramic. Subcategory: Oxide. Formula: TmPaO4. Density: 10.097 g/cm3. Notes: JVASP-53445.
BeRuBr4,Metal,Non-Ferrous,Material Name: BeRuBr4. Category: Metal. Subcategory: Non-Ferrous. Formula: BeRuBr4. Density: 4.322 g/cm3. Notes: JVASP-65034.
TbSb2Pd,Metal,Non-Ferrous,Material Name: TbSb2Pd. Category: Metal. Subcategory: Non-Ferrous. Formula: TbSb2Pd. Density: 8.91 g/cm3. Notes: JVASP-90632.
Ba4TeW,Metal,Non-Ferrous,Material Name: Ba4TeW. Category: Metal. Subcategory: Non-Ferrous. Formula: Ba4TeW. Density: 6.0 g/cm3. Notes: JVASP-63974.
Na4WO4,Ceramic,Oxide,Material Name: Na4WO4. Category: Ceramic. Subcategory: Oxide. Formula: Na4WO4. Density: 4.558 g/cm3. Notes: JVASP-42416.
Ba4CaPt,Metal,Non-Ferrous,Material Name: Ba4CaPt. Category: Metal. Subcategory: Non-Ferrous. Formula: Ba4CaPt. Density: 5.156 g/cm3. Youngs Modulus: -20.680174541077346 GPa. Notes: JVASP-64550.
CaHfO3,Ceramic,Oxide,Material Name: CaHfO3. Category: Ceramic. Subcategory: Oxide. Formula: CaHfO3. Density: 6.928 g/cm3. Youngs Modulus: 247.6189929566912 GPa. Notes: JVASP-49953.
SrAs3,Metal,Non-Ferrous,Material Name: SrAs3. Category: Metal. Subcategory: Non-Ferrous. Formula: SrAs3. Density: 5.087 g/cm3. Youngs Modulus: 67.32291265846976 GPa. Notes: JVASP-90816.
NaBeGe4,Metal,Non-Ferrous,Material Name: NaBeGe4. Category: Metal. Subcategory: Non-Ferrous. Formula: NaBeGe4. Density: 4.423 g/cm3. Notes: JVASP-64958.
Ba4VCl,Ceramic,Mixed,Material Name: Ba4VCl. Category: Ceramic. Subcategory: Mixed. Formula: Ba4VCl. Density: 4.174 g/cm3. Notes: JVASP-64686.
KH3SO6,Ceramic,Oxide,Material Name: KH3SO6. Category: Ceramic. Subcategory: Oxide. Formula: KH3SO6. Density: 2.207 g/cm3. Notes: JVASP-98623.
WSe2,Metal,Non-Ferrous,Material Name: WSe2. Category: Metal. Subcategory: Non-Ferrous. Formula: WSe2. Density: 8.939 g/cm3. Youngs Modulus: 104.45948981423314 GPa. Notes: JVASP-75.
Ba4LiGa,Metal,Non-Ferrous,Material Name: Ba4LiGa. Category: Metal. Subcategory: Non-Ferrous. Formula: Ba4LiGa. Density: 3.806 g/cm3. Notes: JVASP-64616.
Ba4HgBi,Metal,Non-Ferrous,Material Name: Ba4HgBi. Category: Metal. Subcategory: Non-Ferrous. Formula: Ba4HgBi. Density: 6.221 g/cm3. Notes: JVASP-64337.
LiMg,Metal,Non-Ferrous,Material Name: LiMg. Category: Metal. Subcategory: Non-Ferrous. Formula: LiMg. Density: 1.283 g/cm3. Notes: JVASP-90586.
Ba4VZn,Metal,Non-Ferrous,Material Name: Ba4VZn. Category: Metal. Subcategory: Non-Ferrous. Formula: Ba4VZn. Density: 4.434 g/cm3. Notes: JVASP-63930.
Ba4SiSn,Ceramic,Mixed,Material Name: Ba4SiSn. Category: Ceramic. Subcategory: Mixed. Formula: Ba4SiSn. Density: 4.866 g/cm3. Notes: JVASP-64110.
Bi2Te3,Metal,Non-Ferrous,Material Name: Bi2Te3. Category: Metal. Subcategory: Non-Ferrous. Formula: Bi2Te3. Density: 7.813 g/cm3. Notes: JVASP-86105.
KBaZr,Metal,Non-Ferrous,Material Name: KBaZr. Category: Metal. Subcategory: Non-Ferrous. Formula: KBaZr. Density: 2.784 g/cm3. Notes: JVASP-64278.
PaZn3,Metal,Non-Ferrous,Material Name: PaZn3. Category: Metal. Subcategory: Non-Ferrous. Formula: PaZn3. Density: 9.448 g/cm3. Notes: JVASP-91995.
Y3Sn,Metal,Non-Ferrous,Material Name: Y3Sn. Category: Metal. Subcategory: Non-Ferrous. Formula: Y3Sn. Density: 5.728 g/cm3. Notes: JVASP-37701.
Ba4CrCo,Metal,Non-Ferrous,Material Name: Ba4CrCo. Category: Metal. Subcategory: Non-Ferrous. Formula: Ba4CrCo. Density: 4.517 g/cm3. Notes: JVASP-64022.
BeCd4Rh,Metal,Non-Ferrous,Material Name: BeCd4Rh. Category: Metal. Subcategory: Non-Ferrous. Formula: BeCd4Rh. Density: 8.084 g/cm3. Notes: JVASP-65113.
MgB12C2,Ceramic,Carbide,Material Name: MgB12C2. Category: Ceramic. Subcategory: Carbide. Formula: MgB12C2. Density: 2.703 g/cm3. Notes: JVASP-88165.
CaCdAu,Metal,Non-Ferrous,Material Name: CaCdAu. Category: Metal. Subcategory: Non-Ferrous. Formula: CaCdAu. Density: 8.148 g/cm3. Notes: JVASP-86852.
AuSeCl7,Ceramic,Mixed,Material Name: AuSeCl7. Category: Ceramic. Subcategory: Mixed. Formula: AuSeCl7. Density: 3.59 g/cm3. Notes: JVASP-5506.
RbPrP3HO10,Ceramic,Oxide,Material Name: RbPrP3HO10. Category: Ceramic. Subcategory: Oxide. Formula: RbPrP3HO10. Density: 3.638 g/cm3. Notes: JVASP-98108.
Ba4GaSb,Metal,Non-Ferrous,Material Name: Ba4GaSb. Category: Metal. Subcategory: Non-Ferrous. Formula: Ba4GaSb. Density: 5.026 g/cm3. Notes: JVASP-64553.
K2Ta15O32,Ceramic,Oxide,Material Name: K2Ta15O32. Category: Ceramic. Subcategory: Oxide. Formula: K2Ta15O32. Density: 8.61 g/cm3. Notes: JVASP-97816.
Ba4BeP,Ceramic,Mixed,Material Name: Ba4BeP. Category: Ceramic. Subcategory: Mixed. Formula: Ba4BeP. Density: 4.23 g/cm3. Notes: JVASP-63976.
CeAlO3,Ceramic,Oxide,Material Name: CeAlO3. Category: Ceramic. Subcategory: Oxide. Formula: CeAlO3. Density: 6.624 g/cm3. Youngs Modulus: 330.9116137759095 GPa. Notes: JVASP-86506.
CeP2,Ceramic,Mixed,Material Name: CeP2. Category: Ceramic. Subcategory: Mixed. Formula: CeP2. Density: 5.389 g/cm3. Youngs Modulus: 123.14041715944522 GPa. Notes: JVASP-86682.
Ba4HfBr,Metal,Non-Ferrous,Material Name: Ba4HfBr. Category: Metal. Subcategory: Non-Ferrous. Formula: Ba4HfBr. Density: 5.019 g/cm3. Youngs Modulus: 6.127080181543118 GPa. Notes: JVASP-64465.
MnTlCl3,Ceramic,Mixed,Material Name: MnTlCl3. Category: Ceramic. Subcategory: Mixed. Formula: MnTlCl3. Density: 4.865 g/cm3. Notes: JVASP-98737.
Li4CoO2F2,Ceramic,Oxide,Material Name: Li4CoO2F2. Category: Ceramic. Subcategory: Oxide. Formula: Li4CoO2F2. Density: 2.912 g/cm3. Youngs Modulus: 84.52439951035953 GPa. Notes: JVASP-42811.
Li2V3S6,Ceramic,Mixed,Material Name: Li2V3S6. Category: Ceramic. Subcategory: Mixed. Formula: Li2V3S6. Density: 2.962 g/cm3. Notes: JVASP-50405.
Ba4TcCl,Ceramic,Mixed,Material Name: Ba4TcCl. Category: Ceramic. Subcategory: Mixed. Formula: Ba4TcCl. Density: 5.019 g/cm3. Notes: JVASP-64111.
Ca3SiBr2,Ceramic,Mixed,Material Name: Ca3SiBr2. Category: Ceramic. Subcategory: Mixed. Formula: Ca3SiBr2. Density: 2.787 g/cm3. Notes: JVASP-86279.
BiPO4,Ceramic,Oxide,Material Name: BiPO4. Category: Ceramic. Subcategory: Oxide. Formula: BiPO4. Density: 6.234 g/cm3. Notes: JVASP-85930.
LaBe2Rh,Metal,Non-Ferrous,Material Name: LaBe2Rh. Category: Metal. Subcategory: Non-Ferrous. Formula: LaBe2Rh. Density: 6.189 g/cm3. Notes: JVASP-64959.
Ba4YMn,Metal,Non-Ferrous,Material Name: Ba4YMn. Category: Metal. Subcategory: Non-Ferrous. Formula: Ba4YMn. Density: 4.717 g/cm3. Notes: JVASP-64618.
BaNaIn,Metal,Non-Ferrous,Material Name: BaNaIn. Category: Metal. Subcategory: Non-Ferrous. Formula: BaNaIn. Density: 3.407 g/cm3. Youngs Modulus: -64.8 GPa. Notes: JVASP-64393.
TbSi2Pd2,Ceramic,Mixed,Material Name: TbSi2Pd2. Category: Ceramic. Subcategory: Mixed. Formula: TbSi2Pd2. Density: 8.185 g/cm3. Youngs Modulus: 141.09130091465423 GPa. Notes: JVASP-15346.
Ba4CoPb,Metal,Non-Ferrous,Material Name: Ba4CoPb. Category: Metal. Subcategory: Non-Ferrous. Formula: Ba4CoPb. Density: 5.723 g/cm3. Notes: JVASP-64282.
Ba4ZrNb,Metal,Non-Ferrous,Material Name: Ba4ZrNb. Category: Metal. Subcategory: Non-Ferrous. Formula: Ba4ZrNb. Density: 5.457 g/cm3. Notes: JVASP-63933.
BaSrTi,Metal,Non-Ferrous,Material Name: BaSrTi. Category: Metal. Subcategory: Non-Ferrous. Formula: BaSrTi. Density: 3.313 g/cm3. Youngs Modulus: -44.87274374001066 GPa. Notes: JVASP-64063.
Ba4SnTe,Metal,Non-Ferrous,Material Name: Ba4SnTe. Category: Metal. Subcategory: Non-Ferrous. Formula: Ba4SnTe. Density: 5.392 g/cm3. Notes: JVASP-64023.
Ba2CaB6O12,Ceramic,Oxide,Material Name: Ba2CaB6O12. Category: Ceramic. Subcategory: Oxide. Formula: Ba2CaB6O12. Density: 3.614 g/cm3. Notes: JVASP-88374.
Ti4H3Pd2,Metal,Non-Ferrous,Material Name: Ti4H3Pd2. Category: Metal. Subcategory: Non-Ferrous. Formula: Ti4H3Pd2. Density: 6.646 g/cm3. Notes: JVASP-90047.
SrCaI4,Metal,Non-Ferrous,Material Name: SrCaI4. Category: Metal. Subcategory: Non-Ferrous. Formula: SrCaI4. Density: 3.918 g/cm3. Notes: JVASP-42667.
Y6TeO12,Ceramic,Oxide,Material Name: Y6TeO12. Category: Ceramic. Subcategory: Oxide. Formula: Y6TeO12. Density: 5.417 g/cm3. Notes: JVASP-49780.
K2ZrCdH16C8O24,Ceramic,Oxide,Material Name: K2ZrCdH16C8O24. Category: Ceramic. Subcategory: Oxide. Formula: K2ZrCdH16C8O24. Density: 2.333 g/cm3. Notes: JVASP-97757.
Ba4ZrSc,Metal,Non-Ferrous,Material Name: Ba4ZrSc. Category: Metal. Subcategory: Non-Ferrous. Formula: Ba4ZrSc. Density: 4.613 g/cm3. Youngs Modulus: 18.479735682819385 GPa. Notes: JVASP-64750.
HgC2N2,Ceramic,Nitride,Material Name: HgC2N2. Category: Ceramic. Subcategory: Nitride. Formula: HgC2N2. Density: 4.177 g/cm3. Notes: JVASP-98831.
Nb2Ru,Metal,Non-Ferrous,Material Name: Nb2Ru. Category: Metal. Subcategory: Non-Ferrous. Formula: Nb2Ru. Density: 9.451 g/cm3. Notes: JVASP-107746.
Be2SiBi,Ceramic,Mixed,Material Name: Be2SiBi. Category: Ceramic. Subcategory: Mixed. Formula: Be2SiBi. Density: 6.036 g/cm3. Notes: JVASP-64881.
Ba4YPb,Metal,Non-Ferrous,Material Name: Ba4YPb. Category: Metal. Subcategory: Non-Ferrous. Formula: Ba4YPb. Density: 5.233 g/cm3. Notes: JVASP-64338.
Ba4SiHg,Ceramic,Mixed,Material Name: Ba4SiHg. Category: Ceramic. Subcategory: Mixed. Formula: Ba4SiHg. Density: 5.357 g/cm3. Notes: JVASP-64555.
La3Ni2Sn7,Metal,Superalloy,Material Name: La3Ni2Sn7. Category: Metal. Subcategory: Superalloy. Formula: La3Ni2Sn7. Density: 7.536 g/cm3. Notes: JVASP-97588.
Ba4TiW,Metal,Non-Ferrous,Material Name: Ba4TiW. Category: Metal. Subcategory: Non-Ferrous. Formula: Ba4TiW. Density: 5.732 g/cm3. Notes: JVASP-63977.
Ga,Metal,Non-Ferrous,Material Name: Ga. Category: Metal. Subcategory: Non-Ferrous. Formula: Ga. Density: 6.018 g/cm3. Youngs Modulus: 18.47119771863118 GPa. Notes: JVASP-14620.
ThGaIr,Metal,Non-Ferrous,Material Name: ThGaIr. Category: Metal. Subcategory: Non-Ferrous. Formula: ThGaIr. Density: 13.033 g/cm3. Notes: JVASP-89980.
BaAg2SnSe4,Metal,Non-Ferrous,Material Name: BaAg2SnSe4. Category: Metal. Subcategory: Non-Ferrous. Formula: BaAg2SnSe4. Density: 5.705 g/cm3. Notes: JVASP-86212.
ZnH4C2O6,Ceramic,Oxide,Material Name: ZnH4C2O6. Category: Ceramic. Subcategory: Oxide. Formula: ZnH4C2O6. Density: 2.612 g/cm3. Notes: JVASP-32216.
Rb3InO3,Ceramic,Oxide,Material Name: Rb3InO3. Category: Ceramic. Subcategory: Oxide. Formula: Rb3InO3. Density: 4.439 g/cm3. Notes: JVASP-42545.
ErB4Rh4,Ceramic,Boride,Material Name: ErB4Rh4. Category: Ceramic. Subcategory: Boride. Formula: ErB4Rh4. Density: 9.806 g/cm3. Notes: JVASP-98193.
V4OF11,Ceramic,Oxide,Material Name: V4OF11. Category: Ceramic. Subcategory: Oxide. Formula: V4OF11. Density: 3.62 g/cm3. Notes: JVASP-42312.
Ba4HfV,Metal,Non-Ferrous,Material Name: Ba4HfV. Category: Metal. Subcategory: Non-Ferrous. Formula: Ba4HfV. Density: 5.725 g/cm3. Notes: JVASP-64112.
Cd4GeS6,Ceramic,Mixed,Material Name: Cd4GeS6. Category: Ceramic. Subcategory: Mixed. Formula: Cd4GeS6. Density: 4.49 g/cm3. Notes: JVASP-97394.
MnAlFe2,Metal,Ferrous,Material Name: MnAlFe2. Category: Metal. Subcategory: Ferrous. Formula: MnAlFe2. Density: 7.062 g/cm3. Youngs Modulus: 200.7139835137266 GPa. Notes: JVASP-18826.
ThC2,Unknown,,Material Name: ThC2. Category: Unknown. Formula: ThC2. Density: 9.02 g/cm3. Notes: JVASP-86979.
BeFe4Re,Metal,Ferrous,Material Name: BeFe4Re. Category: Metal. Subcategory: Ferrous. Formula: BeFe4Re. Density: 10.189 g/cm3. Notes: JVASP-64960.
GaPd,Metal,Non-Ferrous,Material Name: GaPd. Category: Metal. Subcategory: Non-Ferrous. Formula: GaPd. Density: 9.587 g/cm3. Notes: JVASP-91751.
CoO2,Ceramic,Oxide,Material Name: CoO2. Category: Ceramic. Subcategory: Oxide. Formula: CoO2. Density: 2.271 g/cm3. Youngs Modulus: 126.82423315219272 GPa. Notes: JVASP-12019.
LiNiPO4,Ceramic,Oxide,Material Name: LiNiPO4. Category: Ceramic. Subcategory: Oxide. Formula: LiNiPO4. Density: 3.953 g/cm3. Notes: JVASP-47969.
SrCrO3,Ceramic,Oxide,Material Name: SrCrO3. Category: Ceramic. Subcategory: Oxide. Formula: SrCrO3. Density: 5.533 g/cm3. Notes: JVASP-107788.
Na3P,Ceramic,Mixed,Material Name: Na3P. Category: Ceramic. Subcategory: Mixed. Formula: Na3P. Density: 1.778 g/cm3. Notes: JVASP-2148.
Ta6Fe16Si7,Ceramic,Mixed,Material Name: Ta6Fe16Si7. Category: Ceramic. Subcategory: Mixed. Formula: Ta6Fe16Si7. Density: 10.328 g/cm3. Notes: JVASP-98049.
Ba4VCr,Metal,Non-Ferrous,Material Name: Ba4VCr. Category: Metal. Subcategory: Non-Ferrous. Formula: Ba4VCr. Density: 4.321 g/cm3. Notes: JVASP-63934.
Mn3O5F,Ceramic,Oxide,Material Name: Mn3O5F. Category: Ceramic. Subcategory: Oxide. Formula: Mn3O5F. Density: 4.904 g/cm3. Notes: JVASP-48103.
BaYIn,Metal,Non-Ferrous,Material Name: BaYIn. Category: Metal. Subcategory: Non-Ferrous. Formula: BaYIn. Density: 4.954 g/cm3. Notes: JVASP-64283.
Ba4MgPt,Metal,Non-Ferrous,Material Name: Ba4MgPt. Category: Metal. Subcategory: Non-Ferrous. Formula: Ba4MgPt. Density: 5.397 g/cm3. Notes: JVASP-64024.
Ba4TiSi,Ceramic,Mixed,Material Name: Ba4TiSi. Category: Ceramic. Subcategory: Mixed. Formula: Ba4TiSi. Density: 4.358 g/cm3. Notes: JVASP-64064.
RbMg6Mo,Metal,Non-Ferrous,Material Name: RbMg6Mo. Category: Metal. Subcategory: Non-Ferrous. Formula: RbMg6Mo. Density: 2.93 g/cm3. Notes: JVASP-92204.
Fe2O3,Ceramic,Oxide,Material Name: Fe2O3. Category: Ceramic. Subcategory: Oxide. Formula: Fe2O3. Density: 6.084 g/cm3. Notes: JVASP-87336.
Ba4YV,Metal,Non-Ferrous,Material Name: Ba4YV. Category: Metal. Subcategory: Non-Ferrous. Formula: Ba4YV. Density: 4.607 g/cm3. Notes: JVASP-64394.
Ba4TeBr,Metal,Non-Ferrous,Material Name: Ba4TeBr. Category: Metal. Subcategory: Non-Ferrous. Formula: Ba4TeBr. Density: 4.943 g/cm3. Notes: JVASP-64751.
Ba4ZnGa,Metal,Non-Ferrous,Material Name: Ba4ZnGa. Category: Metal. Subcategory: Non-Ferrous. Formula: Ba4ZnGa. Density: 4.475 g/cm3. Notes: JVASP-64339.
Ba4GaSi,Ceramic,Mixed,Material Name: Ba4GaSi. Category: Ceramic. Subcategory: Mixed. Formula: Ba4GaSi. Density: 4.513 g/cm3. Notes: JVASP-63980.
BeCuBr,Metal,Non-Ferrous,Material Name: BeCuBr. Category: Metal. Subcategory: Non-Ferrous. Formula: BeCuBr. Density: 4.943 g/cm3. Youngs Modulus: 46.076663969993376 GPa. Notes: JVASP-65076.
WOF4,Ceramic,Oxide,Material Name: WOF4. Category: Ceramic. Subcategory: Oxide. Formula: WOF4. Density: 5.595 g/cm3. Youngs Modulus: 51.69529573087119 GPa. Notes: JVASP-48933.
KMn6P7O24,Ceramic,Oxide,Material Name: KMn6P7O24. Category: Ceramic. Subcategory: Oxide. Formula: KMn6P7O24. Density: 3.561 g/cm3. Notes: JVASP-98002.
Rb2SnBr6,Metal,Non-Ferrous,Material Name: Rb2SnBr6. Category: Metal. Subcategory: Non-Ferrous. Formula: Rb2SnBr6. Density: 4.237 g/cm3. Youngs Modulus: 22.70944510436111 GPa. Notes: JVASP-22649.
Be2TlCd,Metal,Non-Ferrous,Material Name: Be2TlCd. Category: Metal. Subcategory: Non-Ferrous. Formula: Be2TlCd. Density: 8.093 g/cm3. Notes: JVASP-64996.
YbO,Ceramic,Oxide,Material Name: YbO. Category: Ceramic. Subcategory: Oxide. Formula: YbO. Density: 12.03 g/cm3. Youngs Modulus: 240.03195266272184 GPa. Notes: JVASP-1291.
Cu2OF2,Ceramic,Oxide,Material Name: Cu2OF2. Category: Ceramic. Subcategory: Oxide. Formula: Cu2OF2. Density: 3.655 g/cm3. Notes: JVASP-50768.
H5C2NO4,Unknown,,Material Name: H5C2NO4. Category: Unknown. Formula: H5C2NO4. Density: 1.686 g/cm3. Notes: JVASP-98573.
Ba4LiBe,Metal,Non-Ferrous,Material Name: Ba4LiBe. Category: Metal. Subcategory: Non-Ferrous. Formula: Ba4LiBe. Density: 3.428 g/cm3. Youngs Modulus: -0.971957960295835 GPa. Notes: JVASP-64150.
K2SnO6,Ceramic,Oxide,Material Name: K2SnO6. Category: Ceramic. Subcategory: Oxide. Formula: K2SnO6. Density: 3.904 g/cm3. Notes: JVASP-90344.
BeFe4Ge,Metal,Ferrous,Material Name: BeFe4Ge. Category: Metal. Subcategory: Ferrous. Formula: BeFe4Ge. Density: 7.0 g/cm3. Youngs Modulus: 128.76606764826352 GPa. Notes: JVASP-64918.
As2PbO4,Ceramic,Oxide,Material Name: As2PbO4. Category: Ceramic. Subcategory: Oxide. Formula: As2PbO4. Density: 5.919 g/cm3. Notes: JVASP-97817.
Mg3Sb2,Metal,Non-Ferrous,Material Name: Mg3Sb2. Category: Metal. Subcategory: Non-Ferrous. Formula: Mg3Sb2. Density: 3.967 g/cm3. Notes: JVASP-86379.
KBaMn,Metal,Non-Ferrous,Material Name: KBaMn. Category: Metal. Subcategory: Non-Ferrous. Formula: KBaMn. Density: 2.85 g/cm3. Notes: JVASP-63935.
CeSi2Ag,Ceramic,Mixed,Material Name: CeSi2Ag. Category: Ceramic. Subcategory: Mixed. Formula: CeSi2Ag. Density: 6.464 g/cm3. Notes: JVASP-90861.
Ba4TlV,Metal,Non-Ferrous,Material Name: Ba4TlV. Category: Metal. Subcategory: Non-Ferrous. Formula: Ba4TlV. Density: 5.463 g/cm3. Notes: JVASP-64113.
NiBr2,Metal,Non-Ferrous,Material Name: NiBr2. Category: Metal. Subcategory: Non-Ferrous. Formula: NiBr2. Density: 5.168 g/cm3. Youngs Modulus: 24.939739559946112 GPa. Notes: JVASP-2026.
LaMnO3,Ceramic,Oxide,Material Name: LaMnO3. Category: Ceramic. Subcategory: Oxide. Formula: LaMnO3. Density: 6.671 g/cm3. Notes: JVASP-97345.
Zr3Sn,Metal,Non-Ferrous,Material Name: Zr3Sn. Category: Metal. Subcategory: Non-Ferrous. Formula: Zr3Sn. Density: 7.253 g/cm3. Notes: JVASP-90774.
Ba4YTi,Metal,Non-Ferrous,Material Name: Ba4YTi. Category: Metal. Subcategory: Non-Ferrous. Formula: Ba4YTi. Density: 4.44 g/cm3. Youngs Modulus: 12.968944099378882 GPa. Notes: JVASP-64816.
Li2CrO3,Ceramic,Oxide,Material Name: Li2CrO3. Category: Ceramic. Subcategory: Oxide. Formula: Li2CrO3. Density: 3.792 g/cm3. Notes: JVASP-48654.
V3Pb5ClO12,Ceramic,Oxide,Material Name: V3Pb5ClO12. Category: Ceramic. Subcategory: Oxide. Formula: V3Pb5ClO12. Density: 6.815 g/cm3. Notes: JVASP-97508.
Ba4CdBi,Metal,Non-Ferrous,Material Name: Ba4CdBi. Category: Metal. Subcategory: Non-Ferrous. Formula: Ba4CdBi. Density: 5.578 g/cm3. Youngs Modulus: 7.156543837357051 GPa. Notes: JVASP-64208.
Ba4InCo,Metal,Non-Ferrous,Material Name: Ba4InCo. Category: Metal. Subcategory: Non-Ferrous. Formula: Ba4InCo. Density: 5.05 g/cm3. Notes: JVASP-64066.
Ba4VSn,Metal,Non-Ferrous,Material Name: Ba4VSn. Category: Metal. Subcategory: Non-Ferrous. Formula: Ba4VSn. Density: 4.991 g/cm3. Notes: JVASP-64025.
Ba4NaTa,Metal,Non-Ferrous,Material Name: Ba4NaTa. Category: Metal. Subcategory: Non-Ferrous. Formula: Ba4NaTa. Density: 4.657 g/cm3. Youngs Modulus: 6.79285828237171 GPa. Notes: JVASP-64689.
BeCd4Ga,Metal,Non-Ferrous,Material Name: BeCd4Ga. Category: Metal. Subcategory: Non-Ferrous. Formula: BeCd4Ga. Density: 6.606 g/cm3. Notes: JVASP-64882.
TbCo2Si2,Ceramic,Mixed,Material Name: TbCo2Si2. Category: Ceramic. Subcategory: Mixed. Formula: TbCo2Si2. Density: 7.448 g/cm3. Youngs Modulus: 224.32968901384908 GPa. Notes: JVASP-15183.
Sm2Fe2O5,Ceramic,Oxide,Material Name: Sm2Fe2O5. Category: Ceramic. Subcategory: Oxide. Formula: Sm2Fe2O5. Density: 7.673 g/cm3. Notes: JVASP-90120.
KBaMo,Metal,Non-Ferrous,Material Name: KBaMo. Category: Metal. Subcategory: Non-Ferrous. Formula: KBaMo. Density: 3.556 g/cm3. Youngs Modulus: -22.06179065174457 GPa. Notes: JVASP-64466.
K4Nb11Al2O20F,Ceramic,Oxide,Material Name: K4Nb11Al2O20F. Category: Ceramic. Subcategory: Oxide. Formula: K4Nb11Al2O20F. Density: 5.175 g/cm3. Notes: JVASP-97867.
La2SiO5,Ceramic,Oxide,Material Name: La2SiO5. Category: Ceramic. Subcategory: Oxide. Formula: La2SiO5. Density: 5.469 g/cm3. Notes: JVASP-98509.
Mg4MnBe,Metal,Non-Ferrous,Material Name: Mg4MnBe. Category: Metal. Subcategory: Non-Ferrous. Formula: Mg4MnBe. Density: 2.225 g/cm3. Notes: JVASP-65077.
In3NO3,Ceramic,Oxide,Material Name: In3NO3. Category: Ceramic. Subcategory: Oxide. Formula: In3NO3. Density: 6.833 g/cm3. Notes: JVASP-44085.
Ba4VGe,Metal,Non-Ferrous,Material Name: Ba4VGe. Category: Metal. Subcategory: Non-Ferrous. Formula: Ba4VGe. Density: 4.803 g/cm3. Notes: JVASP-63984.
CeS2,Ceramic,Mixed,Material Name: CeS2. Category: Ceramic. Subcategory: Mixed. Formula: CeS2. Density: 5.181 g/cm3. Notes: JVASP-97590.
KBaIn,Metal,Non-Ferrous,Material Name: KBaIn. Category: Metal. Subcategory: Non-Ferrous. Formula: KBaIn. Density: 3.371 g/cm3. Notes: JVASP-64151.
Er,Metal,Non-Ferrous,Material Name: Er. Category: Metal. Subcategory: Non-Ferrous. Formula: Er. Density: 9.303 g/cm3. Notes: JVASP-14835.
BeCrP,Ceramic,Mixed,Material Name: BeCrP. Category: Ceramic. Subcategory: Mixed. Formula: BeCrP. Density: 4.295 g/cm3. Notes: JVASP-65114.
Li2BPt3,Ceramic,Boride,Material Name: Li2BPt3. Category: Ceramic. Subcategory: Boride. Formula: Li2BPt3. Density: 12.689 g/cm3. Notes: JVASP-87919.
Li3FeF6,Ceramic,Mixed,Material Name: Li3FeF6. Category: Ceramic. Subcategory: Mixed. Formula: Li3FeF6. Density: 3.005 g/cm3. Notes: JVASP-43762.
HfGeRh,Metal,Non-Ferrous,Material Name: HfGeRh. Category: Metal. Subcategory: Non-Ferrous. Formula: HfGeRh. Density: 11.843 g/cm3. Notes: JVASP-90240.
MgH6Br2N2,Ceramic,Nitride,Material Name: MgH6Br2N2. Category: Ceramic. Subcategory: Nitride. Formula: MgH6Br2N2. Density: 2.614 g/cm3. Notes: JVASP-97933.
Zr2Cr4Si5,Ceramic,Mixed,Material Name: Zr2Cr4Si5. Category: Ceramic. Subcategory: Mixed. Formula: Zr2Cr4Si5. Density: 5.795 g/cm3. Notes: JVASP-98738.
Ba4BeSi,Ceramic,Mixed,Material Name: Ba4BeSi. Category: Ceramic. Subcategory: Mixed. Formula: Ba4BeSi. Density: 4.112 g/cm3. Notes: JVASP-63936.
Ba4MoBr,Metal,Non-Ferrous,Material Name: Ba4MoBr. Category: Metal. Subcategory: Non-Ferrous. Formula: Ba4MoBr. Density: 4.613 g/cm3. Notes: JVASP-64752.
CeSiHRu,Ceramic,Mixed,Material Name: CeSiHRu. Category: Ceramic. Subcategory: Mixed. Formula: CeSiHRu. Density: 7.193 g/cm3. Youngs Modulus: 167.55790503088213 GPa. Notes: JVASP-85372.
Ba2ZrO4,Ceramic,Oxide,Material Name: Ba2ZrO4. Category: Ceramic. Subcategory: Oxide. Formula: Ba2ZrO4. Density: 5.913 g/cm3. Youngs Modulus: 155.57708605826397 GPa. Notes: JVASP-87050.
PuFeC2,Metal,Ferrous,Material Name: PuFeC2. Category: Metal. Subcategory: Ferrous. Formula: PuFeC2. Density: 11.91 g/cm3. Youngs Modulus: 259.5686609711832 GPa. Notes: JVASP-91704.
Y4OsBr4,Metal,Non-Ferrous,Material Name: Y4OsBr4. Category: Metal. Subcategory: Non-Ferrous. Formula: Y4OsBr4. Density: 5.599 g/cm3. Notes: JVASP-88567.
Rb2PbO3,Ceramic,Oxide,Material Name: Rb2PbO3. Category: Ceramic. Subcategory: Oxide. Formula: Rb2PbO3. Density: 5.72 g/cm3. Notes: JVASP-88845.
Ba4CuGe,Metal,Non-Ferrous,Material Name: Ba4CuGe. Category: Metal. Subcategory: Non-Ferrous. Formula: Ba4CuGe. Density: 4.833 g/cm3. Notes: JVASP-64114.
Ba4CdSb,Metal,Non-Ferrous,Material Name: Ba4CdSb. Category: Metal. Subcategory: Non-Ferrous. Formula: Ba4CdSb. Density: 5.14 g/cm3. Notes: JVASP-64822.
SnRh2,Metal,Non-Ferrous,Material Name: SnRh2. Category: Metal. Subcategory: Non-Ferrous. Formula: SnRh2. Density: 11.09 g/cm3. Notes: JVASP-85566.
Sm4Si2Se3O7,Ceramic,Oxide,Material Name: Sm4Si2Se3O7. Category: Ceramic. Subcategory: Oxide. Formula: Sm4Si2Se3O7. Density: 6.452 g/cm3. Notes: JVASP-98457.
Ba4SrRe,Metal,Non-Ferrous,Material Name: Ba4SrRe. Category: Metal. Subcategory: Non-Ferrous. Formula: Ba4SrRe. Density: 5.653 g/cm3. Notes: JVASP-64067.
BTe3O3F15,Unknown,,Material Name: BTe3O3F15. Category: Unknown. Formula: BTe3O3F15. Density: 3.92 g/cm3. Notes: JVASP-97637.
Zn3CrTe4,Metal,Non-Ferrous,Material Name: Zn3CrTe4. Category: Metal. Subcategory: Non-Ferrous. Formula: Zn3CrTe4. Density: 5.325 g/cm3. Youngs Modulus: 37.75720699272159 GPa. Notes: JVASP-91945.
NaMn4Be,Metal,Non-Ferrous,Material Name: NaMn4Be. Category: Metal. Subcategory: Non-Ferrous. Formula: NaMn4Be. Density: 5.651 g/cm3. Youngs Modulus: 99.11203904555316 GPa. Notes: JVASP-65035.
LaHBr2,Metal,Non-Ferrous,Material Name: LaHBr2. Category: Metal. Subcategory: Non-Ferrous. Formula: LaHBr2. Density: 4.888 g/cm3. Notes: JVASP-85794.
Ba4SiTe,Ceramic,Mixed,Material Name: Ba4SiTe. Category: Ceramic. Subcategory: Mixed. Formula: Ba4SiTe. Density: 4.988 g/cm3. Notes: JVASP-64026.
SrH16O10,Ceramic,Oxide,Material Name: SrH16O10. Category: Ceramic. Subcategory: Oxide. Formula: SrH16O10. Density: 2.065 g/cm3. Notes: JVASP-98303.
CeMg6B,Ceramic,Boride,Material Name: CeMg6B. Category: Ceramic. Subcategory: Boride. Formula: CeMg6B. Density: 2.814 g/cm3. Notes: JVASP-90447.
KAlO2,Ceramic,Oxide,Material Name: KAlO2. Category: Ceramic. Subcategory: Oxide. Formula: KAlO2. Density: 2.829 g/cm3. Notes: JVASP-98241.
Ba4MgSe,Metal,Non-Ferrous,Material Name: Ba4MgSe. Category: Metal. Subcategory: Non-Ferrous. Formula: Ba4MgSe. Density: 4.164 g/cm3. Notes: JVASP-64209.
Ca2BClO3,Ceramic,Oxide,Material Name: Ca2BClO3. Category: Ceramic. Subcategory: Oxide. Formula: Ca2BClO3. Density: 2.775 g/cm3. Notes: JVASP-98052.
Ba4InHg,Metal,Non-Ferrous,Material Name: Ba4InHg. Category: Metal. Subcategory: Non-Ferrous. Formula: Ba4InHg. Density: 5.576 g/cm3. Notes: JVASP-64471.
NpO2F2,Unknown,,Material Name: NpO2F2. Category: Unknown. Formula: NpO2F2. Density: 7.678 g/cm3. Notes: JVASP-97509.
Ba4RuCl,Ceramic,Mixed,Material Name: Ba4RuCl. Category: Ceramic. Subcategory: Mixed. Formula: Ba4RuCl. Density: 4.987 g/cm3. Notes: JVASP-63986.
Ba4NbCu,Metal,Non-Ferrous,Material Name: Ba4NbCu. Category: Metal. Subcategory: Non-Ferrous. Formula: Ba4NbCu. Density: 4.871 g/cm3. Youngs Modulus: 7.036871313087176 GPa. Notes: JVASP-64622.
Ba4BeCl,Ceramic,Mixed,Material Name: Ba4BeCl. Category: Ceramic. Subcategory: Mixed. Formula: Ba4BeCl. Density: 3.825 g/cm3. Notes: JVASP-64152.
Ba4TiTl,Metal,Non-Ferrous,Material Name: Ba4TiTl. Category: Metal. Subcategory: Non-Ferrous. Formula: Ba4TiTl. Density: 5.247 g/cm3. Notes: JVASP-64691.
UGaRu,Metal,Non-Ferrous,Material Name: UGaRu. Category: Metal. Subcategory: Non-Ferrous. Formula: UGaRu. Density: 12.319 g/cm3. Youngs Modulus: 93.53149018698484 GPa. Notes: JVASP-89906.
MnMoAs2,Metal,Non-Ferrous,Material Name: MnMoAs2. Category: Metal. Subcategory: Non-Ferrous. Formula: MnMoAs2. Density: 7.776 g/cm3. Notes: JVASP-107748.
Ba4GaTe,Metal,Non-Ferrous,Material Name: Ba4GaTe. Category: Metal. Subcategory: Non-Ferrous. Formula: Ba4GaTe. Density: 5.006 g/cm3. Notes: JVASP-64755.
KBaHf,Metal,Non-Ferrous,Material Name: KBaHf. Category: Metal. Subcategory: Non-Ferrous. Formula: KBaHf. Density: 4.108 g/cm3. Youngs Modulus: -10.354862559241708 GPa. Notes: JVASP-64397.
BeNb4Pb,Metal,Non-Ferrous,Material Name: BeNb4Pb. Category: Metal. Subcategory: Non-Ferrous. Formula: BeNb4Pb. Density: 8.309 g/cm3. Notes: JVASP-65079.
K5SnSb3,Metal,Non-Ferrous,Material Name: K5SnSb3. Category: Metal. Subcategory: Non-Ferrous. Formula: K5SnSb3. Density: 3.29 g/cm3. Notes: JVASP-97395.
Ba5V5O14,Ceramic,Oxide,Material Name: Ba5V5O14. Category: Ceramic. Subcategory: Oxide. Formula: Ba5V5O14. Density: 5.509 g/cm3. Notes: JVASP-89043.
Rb3CO3F,Ceramic,Oxide,Material Name: Rb3CO3F. Category: Ceramic. Subcategory: Oxide. Formula: Rb3CO3F. Density: 3.723 g/cm3. Notes: JVASP-87110.
Ba4ZrSb,Metal,Non-Ferrous,Material Name: Ba4ZrSb. Category: Metal. Subcategory: Non-Ferrous. Formula: Ba4ZrSb. Density: 5.105 g/cm3. Youngs Modulus: -35.88615065366259 GPa. Notes: JVASP-64559.
Li2CoSnO4,Ceramic,Oxide,Material Name: Li2CoSnO4. Category: Ceramic. Subcategory: Oxide. Formula: Li2CoSnO4. Density: 5.399 g/cm3. Notes: JVASP-43643.
Li4H4Rh,Metal,Non-Ferrous,Material Name: Li4H4Rh. Category: Metal. Subcategory: Non-Ferrous. Formula: Li4H4Rh. Density: 2.833 g/cm3. Notes: JVASP-18464.
Lu5NiPb3,Metal,Superalloy,Material Name: Lu5NiPb3. Category: Metal. Subcategory: Superalloy. Formula: Lu5NiPb3. Density: 11.452 g/cm3. Notes: JVASP-86785.
LiVOF3,Ceramic,Oxide,Material Name: LiVOF3. Category: Ceramic. Subcategory: Oxide. Formula: LiVOF3. Density: 3.565 g/cm3. Notes: JVASP-48806.
FeSb2O6,Ceramic,Oxide,Material Name: FeSb2O6. Category: Ceramic. Subcategory: Oxide. Formula: FeSb2O6. Density: 6.147 g/cm3. Notes: JVASP-89293.
Zr2Cu,Metal,Non-Ferrous,Material Name: Zr2Cu. Category: Metal. Subcategory: Non-Ferrous. Formula: Zr2Cu. Density: 7.096 g/cm3. Notes: JVASP-98840.
Ba4PdBr,Metal,Non-Ferrous,Material Name: Ba4PdBr. Category: Metal. Subcategory: Non-Ferrous. Formula: Ba4PdBr. Density: 5.018 g/cm3. Notes: JVASP-64823.
Ba4CaW,Metal,Non-Ferrous,Material Name: Ba4CaW. Category: Metal. Subcategory: Non-Ferrous. Formula: Ba4CaW. Density: 5.341 g/cm3. Notes: JVASP-64115.
BeCr4Sn,Metal,Non-Ferrous,Material Name: BeCr4Sn. Category: Metal. Subcategory: Non-Ferrous. Formula: BeCr4Sn. Density: 7.051 g/cm3. Notes: JVASP-65115.
BaSrSc,Metal,Non-Ferrous,Material Name: BaSrSc. Category: Metal. Subcategory: Non-Ferrous. Formula: BaSrSc. Density: 3.252 g/cm3. Notes: JVASP-64693.
CeMg6Fe,Metal,Ferrous,Material Name: CeMg6Fe. Category: Metal. Subcategory: Ferrous. Formula: CeMg6Fe. Density: 3.28 g/cm3. Notes: JVASP-90634.
Ba4SnSb,Metal,Non-Ferrous,Material Name: Ba4SnSb. Category: Metal. Subcategory: Non-Ferrous. Formula: Ba4SnSb. Density: 5.403 g/cm3. Notes: JVASP-64068.
Ba4LiSb,Metal,Non-Ferrous,Material Name: Ba4LiSb. Category: Metal. Subcategory: Non-Ferrous. Formula: Ba4LiSb. Density: 4.283 g/cm3. Notes: JVASP-64472.
Ba4NiSe,Metal,Non-Ferrous,Material Name: Ba4NiSe. Category: Metal. Subcategory: Non-Ferrous. Formula: Ba4NiSe. Density: 4.988 g/cm3. Notes: JVASP-64027.
HgSb2O6,Ceramic,Oxide,Material Name: HgSb2O6. Category: Ceramic. Subcategory: Oxide. Formula: HgSb2O6. Density: 7.299 g/cm3. Youngs Modulus: 103.7150510463904 GPa. Notes: JVASP-23437.
CeNiAsO,Ceramic,Oxide,Material Name: CeNiAsO. Category: Ceramic. Subcategory: Oxide. Formula: CeNiAsO. Density: 7.576 g/cm3. Notes: JVASP-91527.
Ba4NaMo,Metal,Non-Ferrous,Material Name: Ba4NaMo. Category: Metal. Subcategory: Non-Ferrous. Formula: Ba4NaMo. Density: 3.99 g/cm3. Notes: JVASP-64211.
H10PtCN8O2,Ceramic,Oxide,Material Name: H10PtCN8O2. Category: Ceramic. Subcategory: Oxide. Formula: H10PtCN8O2. Density: 3.019 g/cm3. Notes: JVASP-98110.
V3OF7,Ceramic,Oxide,Material Name: V3OF7. Category: Ceramic. Subcategory: Oxide. Formula: V3OF7. Density: 3.425 g/cm3. Notes: JVASP-48581.
SrIn4Pd,Metal,Non-Ferrous,Material Name: SrIn4Pd. Category: Metal. Subcategory: Non-Ferrous. Formula: SrIn4Pd. Density: 7.155 g/cm3. Notes: JVASP-97349.
Ba4MnPd,Metal,Non-Ferrous,Material Name: Ba4MnPd. Category: Metal. Subcategory: Non-Ferrous. Formula: Ba4MnPd. Density: 5.379 g/cm3. Notes: JVASP-63987.
Ba4ZnSe,Metal,Non-Ferrous,Material Name: Ba4ZnSe. Category: Metal. Subcategory: Non-Ferrous. Formula: Ba4ZnSe. Density: 4.679 g/cm3. Notes: JVASP-64153.
Li3Fe4B4O12,Ceramic,Oxide,Material Name: Li3Fe4B4O12. Category: Ceramic. Subcategory: Oxide. Formula: Li3Fe4B4O12. Density: 3.469 g/cm3. Notes: JVASP-42920.
Fe8O9,Ceramic,Oxide,Material Name: Fe8O9. Category: Ceramic. Subcategory: Oxide. Formula: Fe8O9. Density: 5.673 g/cm3. Notes: JVASP-48315.
Ba3Zn5In2O11,Ceramic,Oxide,Material Name: Ba3Zn5In2O11. Category: Ceramic. Subcategory: Oxide. Formula: Ba3Zn5In2O11. Density: 6.201 g/cm3. Notes: JVASP-97445.
BeTe,Metal,Non-Ferrous,Material Name: BeTe. Category: Metal. Subcategory: Non-Ferrous. Formula: BeTe. Density: 5.007 g/cm3. Youngs Modulus: 102.1556458782019 GPa. Notes: JVASP-1248.
Ba4CaMo,Metal,Non-Ferrous,Material Name: Ba4CaMo. Category: Metal. Subcategory: Non-Ferrous. Formula: Ba4CaMo. Density: 4.587 g/cm3. Notes: JVASP-64626.
K2SnO2,Ceramic,Oxide,Material Name: K2SnO2. Category: Ceramic. Subcategory: Oxide. Formula: K2SnO2. Density: 3.485 g/cm3. Notes: JVASP-52553.
VPbO3,Ceramic,Oxide,Material Name: VPbO3. Category: Ceramic. Subcategory: Oxide. Formula: VPbO3. Density: 7.481 g/cm3. Notes: JVASP-107789.
Ba4BeGa,Metal,Non-Ferrous,Material Name: Ba4BeGa. Category: Metal. Subcategory: Non-Ferrous. Formula: Ba4BeGa. Density: 4.217 g/cm3. Notes: JVASP-64398.
Fe6O11F,Ceramic,Oxide,Material Name: Fe6O11F. Category: Ceramic. Subcategory: Oxide. Formula: Fe6O11F. Density: 5.402 g/cm3. Notes: JVASP-42728.
YbCrSb3,Metal,Non-Ferrous,Material Name: YbCrSb3. Category: Metal. Subcategory: Non-Ferrous. Formula: YbCrSb3. Density: 8.001 g/cm3. Notes: JVASP-97686.
KNO3,Ceramic,Oxide,Material Name: KNO3. Category: Ceramic. Subcategory: Oxide. Formula: KNO3. Density: 2.217 g/cm3. Notes: JVASP-98510.
La2CrO6,Ceramic,Oxide,Material Name: La2CrO6. Category: Ceramic. Subcategory: Oxide. Formula: La2CrO6. Density: 6.077 g/cm3. Notes: JVASP-90544.
BeIr4Se,Metal,Non-Ferrous,Material Name: BeIr4Se. Category: Metal. Subcategory: Non-Ferrous. Formula: BeIr4Se. Density: 14.327 g/cm3. Youngs Modulus: 51.07815004344887 GPa. Notes: JVASP-64961.
Ba2LaIrO6,Ceramic,Oxide,Material Name: Ba2LaIrO6. Category: Ceramic. Subcategory: Oxide. Formula: Ba2LaIrO6. Density: 7.261 g/cm3. Notes: JVASP-87221.
BaZr4Tl,Metal,Non-Ferrous,Material Name: BaZr4Tl. Category: Metal. Subcategory: Non-Ferrous. Formula: BaZr4Tl. Density: 7.316 g/cm3. Notes: JVASP-64757.
AlFeF5,Ceramic,Mixed,Material Name: AlFeF5. Category: Ceramic. Subcategory: Mixed. Formula: AlFeF5. Density: 3.741 g/cm3. Youngs Modulus: 178.30992196308168 GPa. Notes: JVASP-22622.
Tb2B2C3,Ceramic,Carbide,Material Name: Tb2B2C3. Category: Ceramic. Subcategory: Carbide. Formula: Tb2B2C3. Density: 7.489 g/cm3. Notes: JVASP-86735.
CeMg2H7,Metal,Non-Ferrous,Material Name: CeMg2H7. Category: Metal. Subcategory: Non-Ferrous. Formula: CeMg2H7. Density: 3.524 g/cm3. Notes: JVASP-98625.
KBa4W,Metal,Non-Ferrous,Material Name: KBa4W. Category: Metal. Subcategory: Non-Ferrous. Formula: KBa4W. Density: 4.989 g/cm3. Youngs Modulus: 5.578066544406601 GPa. Notes: JVASP-64284.
Ba4HfMn,Metal,Non-Ferrous,Material Name: Ba4HfMn. Category: Metal. Subcategory: Non-Ferrous. Formula: Ba4HfMn. Density: 5.284 g/cm3. Notes: JVASP-64116.
PrSi2Cu2,Ceramic,Mixed,Material Name: PrSi2Cu2. Category: Ceramic. Subcategory: Mixed. Formula: PrSi2Cu2. Density: 6.325 g/cm3. Youngs Modulus: 175.3050928509818 GPa. Notes: JVASP-15302.
MnTl3,Metal,Non-Ferrous,Material Name: MnTl3. Category: Metal. Subcategory: Non-Ferrous. Formula: MnTl3. Density: 10.703 g/cm3. Notes: JVASP-38264.
Ba4GaCl,Ceramic,Mixed,Material Name: Ba4GaCl. Category: Ceramic. Subcategory: Mixed. Formula: Ba4GaCl. Density: 4.264 g/cm3. Youngs Modulus: -7.899112404510731 GPa. Notes: JVASP-64340.
KCuCl3,Ceramic,Mixed,Material Name: KCuCl3. Category: Ceramic. Subcategory: Mixed. Formula: KCuCl3. Density: 2.799 g/cm3. Notes: JVASP-97511.
Ba4SrW,Metal,Non-Ferrous,Material Name: Ba4SrW. Category: Metal. Subcategory: Non-Ferrous. Formula: Ba4SrW. Density: 5.484 g/cm3. Notes: JVASP-64697.
CoCu2SnS4,Ceramic,Mixed,Material Name: CoCu2SnS4. Category: Ceramic. Subcategory: Mixed. Formula: CoCu2SnS4. Density: 4.589 g/cm3. Youngs Modulus: 68.8314596235082 GPa. Notes: JVASP-91854.
Rb4NO,Ceramic,Oxide,Material Name: Rb4NO. Category: Ceramic. Subcategory: Oxide. Formula: Rb4NO. Density: 3.745 g/cm3. Youngs Modulus: 28.664785110811803 GPa. Notes: JVASP-38157.
Ba4CdPt,Metal,Non-Ferrous,Material Name: Ba4CdPt. Category: Metal. Subcategory: Non-Ferrous. Formula: Ba4CdPt. Density: 6.217 g/cm3. Notes: JVASP-64028.
TaBePd4,Metal,Non-Ferrous,Material Name: TaBePd4. Category: Metal. Subcategory: Non-Ferrous. Formula: TaBePd4. Density: 10.76 g/cm3. Notes: JVASP-65080.
CeSi3N5,Ceramic,Nitride,Material Name: CeSi3N5. Category: Ceramic. Subcategory: Nitride. Formula: CeSi3N5. Density: 4.58 g/cm3. Notes: JVASP-98372.
BaNaBr,Metal,Non-Ferrous,Material Name: BaNaBr. Category: Metal. Subcategory: Non-Ferrous. Formula: BaNaBr. Density: 2.914 g/cm3. Youngs Modulus: -9.685047473200612 GPa. Notes: JVASP-63938.
Ba4BeSn,Metal,Non-Ferrous,Material Name: Ba4BeSn. Category: Metal. Subcategory: Non-Ferrous. Formula: Ba4BeSn. Density: 4.549 g/cm3. Notes: JVASP-64474.
Ca3Mn2O7,Ceramic,Oxide,Material Name: Ca3Mn2O7. Category: Ceramic. Subcategory: Oxide. Formula: Ca3Mn2O7. Density: 4.215 g/cm3. Notes: JVASP-98004.
SrMnSb2,Metal,Non-Ferrous,Material Name: SrMnSb2. Category: Metal. Subcategory: Non-Ferrous. Formula: SrMnSb2. Density: 5.825 g/cm3. Notes: JVASP-91569.
Na,Metal,Non-Ferrous,Material Name: Na. Category: Metal. Subcategory: Non-Ferrous. Formula: Na. Density: 1.005 g/cm3. Notes: JVASP-90817.
Sr8Fe3N8,Ceramic,Nitride,Material Name: Sr8Fe3N8. Category: Ceramic. Subcategory: Nitride. Formula: Sr8Fe3N8. Density: 4.578 g/cm3. Notes: JVASP-85285.
Ba4HfZn,Metal,Non-Ferrous,Material Name: Ba4HfZn. Category: Metal. Subcategory: Non-Ferrous. Formula: Ba4HfZn. Density: 5.229 g/cm3. Notes: JVASP-64399.
YbCo2Si2,Ceramic,Mixed,Material Name: YbCo2Si2. Category: Ceramic. Subcategory: Mixed. Formula: YbCo2Si2. Density: 7.77 g/cm3. Notes: JVASP-86507.
BeMoBr4,Metal,Non-Ferrous,Material Name: BeMoBr4. Category: Metal. Subcategory: Non-Ferrous. Formula: BeMoBr4. Density: 4.147 g/cm3. Notes: JVASP-64919.
PrClO2,Ceramic,Oxide,Material Name: PrClO2. Category: Ceramic. Subcategory: Oxide. Formula: PrClO2. Density: 4.632 g/cm3. Youngs Modulus: 39.931608690192135 GPa. Notes: JVASP-90719.
DyMgPd,Metal,Non-Ferrous,Material Name: DyMgPd. Category: Metal. Subcategory: Non-Ferrous. Formula: DyMgPd. Density: 7.577 g/cm3. Notes: JVASP-90176.
K11LiMn4O16,Ceramic,Oxide,Material Name: K11LiMn4O16. Category: Ceramic. Subcategory: Oxide. Formula: K11LiMn4O16. Density: 2.824 g/cm3. Notes: JVASP-88720.
Nd2BC,Ceramic,Carbide,Material Name: Nd2BC. Category: Ceramic. Subcategory: Carbide. Formula: Nd2BC. Density: 5.979 g/cm3. Notes: JVASP-91996.
BaSrMg,Metal,Non-Ferrous,Material Name: BaSrMg. Category: Metal. Subcategory: Non-Ferrous. Formula: BaSrMg. Density: 2.779 g/cm3. Notes: JVASP-64698.
TeH5O6,Unknown,,Material Name: TeH5O6. Category: Unknown. Formula: TeH5O6. Density: 3.278 g/cm3. Notes: JVASP-97759.
Ba4ScPt,Metal,Non-Ferrous,Material Name: Ba4ScPt. Category: Metal. Subcategory: Non-Ferrous. Formula: Ba4ScPt. Density: 5.599 g/cm3. Notes: JVASP-64117.
S2O5F2,Ceramic,Non-Oxide,Material Name: S2O5F2. Category: Ceramic. Subcategory: Non-Oxide. Formula: S2O5F2. Density: 2.428 g/cm3. Notes: JVASP-97818.
Ba4LiP,Ceramic,Mixed,Material Name: Ba4LiP. Category: Ceramic. Subcategory: Mixed. Formula: Ba4LiP. Density: 3.902 g/cm3. Notes: JVASP-64345.
YCo3H2,Metal,Non-Ferrous,Material Name: YCo3H2. Category: Metal. Subcategory: Non-Ferrous. Formula: YCo3H2. Density: 6.963 g/cm3. Notes: JVASP-86907.
Ba4CrSe,Metal,Non-Ferrous,Material Name: Ba4CrSe. Category: Metal. Subcategory: Non-Ferrous. Formula: Ba4CrSe. Density: 4.256 g/cm3. Notes: JVASP-64287.
Ba4LiV,Metal,Non-Ferrous,Material Name: Ba4LiV. Category: Metal. Subcategory: Non-Ferrous. Formula: Ba4LiV. Density: 3.853 g/cm3. Notes: JVASP-64758.
NdAlCu,Metal,Non-Ferrous,Material Name: NdAlCu. Category: Metal. Subcategory: Non-Ferrous. Formula: NdAlCu. Density: 6.267 g/cm3. Notes: JVASP-90048.
K4BeW,Metal,Non-Ferrous,Material Name: K4BeW. Category: Metal. Subcategory: Non-Ferrous. Formula: K4BeW. Density: 2.515 g/cm3. Notes: JVASP-65081.
KNa2AlH6,Metal,Non-Ferrous,Material Name: KNa2AlH6. Category: Metal. Subcategory: Non-Ferrous. Formula: KNa2AlH6. Density: 1.158 g/cm3. Notes: JVASP-98841.
Li3MnP2O8,Ceramic,Oxide,Material Name: Li3MnP2O8. Category: Ceramic. Subcategory: Oxide. Formula: Li3MnP2O8. Density: 3.195 g/cm3. Notes: JVASP-48392.
BaCa2I6,Metal,Non-Ferrous,Material Name: BaCa2I6. Category: Metal. Subcategory: Non-Ferrous. Formula: BaCa2I6. Density: 4.275 g/cm3. Notes: JVASP-42943.
PrCo9Si4,Ceramic,Mixed,Material Name: PrCo9Si4. Category: Ceramic. Subcategory: Mixed. Formula: PrCo9Si4. Density: 7.582 g/cm3. Notes: JVASP-97594.
Mg7Cr,Metal,Non-Ferrous,Material Name: Mg7Cr. Category: Metal. Subcategory: Non-Ferrous. Formula: Mg7Cr. Density: 2.143 g/cm3. Youngs Modulus: 51.77267899233943 GPa. Notes: JVASP-91895.
Ba4PBr,Ceramic,Mixed,Material Name: Ba4PBr. Category: Ceramic. Subcategory: Mixed. Formula: Ba4PBr. Density: 4.727 g/cm3. Notes: JVASP-63940.
Ca2CdSb2,Metal,Non-Ferrous,Material Name: Ca2CdSb2. Category: Metal. Subcategory: Non-Ferrous. Formula: Ca2CdSb2. Density: 4.91 g/cm3. Notes: JVASP-88169.
Li2Ni3SbO8,Ceramic,Oxide,Material Name: Li2Ni3SbO8. Category: Ceramic. Subcategory: Oxide. Formula: Li2Ni3SbO8. Density: 5.039 g/cm3. Notes: JVASP-43305.
ScAgP2S6,Ceramic,Mixed,Material Name: ScAgP2S6. Category: Ceramic. Subcategory: Mixed. Formula: ScAgP2S6. Density: 3.152 g/cm3. Notes: JVASP-4606.
BaNaLi,Metal,Non-Ferrous,Material Name: BaNaLi. Category: Metal. Subcategory: Non-Ferrous. Formula: BaNaLi. Density: 1.766 g/cm3. Youngs Modulus: -36.315689810640215 GPa. Notes: JVASP-64825.
Ba4TiNi,Metal,Superalloy,Material Name: Ba4TiNi. Category: Metal. Subcategory: Superalloy. Formula: Ba4TiNi. Density: 4.581 g/cm3. Notes: JVASP-64029.
LaNi2B2C,Ceramic,Carbide,Material Name: LaNi2B2C. Category: Ceramic. Subcategory: Carbide. Formula: LaNi2B2C. Density: 6.787 g/cm3. Notes: JVASP-86683.
Ba5Al5Pb,Metal,Non-Ferrous,Material Name: Ba5Al5Pb. Category: Metal. Subcategory: Non-Ferrous. Formula: Ba5Al5Pb. Density: 4.723 g/cm3. Notes: JVASP-86161.
Ba4GeCl,Ceramic,Mixed,Material Name: Ba4GeCl. Category: Ceramic. Subcategory: Mixed. Formula: Ba4GeCl. Density: 4.566 g/cm3. Notes: JVASP-64475.
La3Ge4Rh4,Metal,Non-Ferrous,Material Name: La3Ge4Rh4. Category: Metal. Subcategory: Non-Ferrous. Formula: La3Ge4Rh4. Density: 8.159 g/cm3. Notes: JVASP-98458.
CaCo2Ge2,Metal,Non-Ferrous,Material Name: CaCo2Ge2. Category: Metal. Subcategory: Non-Ferrous. Formula: CaCo2Ge2. Density: 6.18 g/cm3. Youngs Modulus: 146.33072697807978 GPa. Notes: JVASP-15347.
RbMnO2,Ceramic,Oxide,Material Name: RbMnO2. Category: Ceramic. Subcategory: Oxide. Formula: RbMnO2. Density: 4.175 g/cm3. Notes: JVASP-98112.
Li3Mg,Metal,Non-Ferrous,Material Name: Li3Mg. Category: Metal. Subcategory: Non-Ferrous. Formula: Li3Mg. Density: 0.942 g/cm3. Notes: JVASP-90587.
Mn3Si,Ceramic,Mixed,Material Name: Mn3Si. Category: Ceramic. Subcategory: Mixed. Formula: Mn3Si. Density: 7.348 g/cm3. Notes: JVASP-107749.
Ba4GaBr,Metal,Non-Ferrous,Material Name: Ba4GaBr. Category: Metal. Subcategory: Non-Ferrous. Formula: Ba4GaBr. Density: 4.494 g/cm3. Notes: JVASP-64699.
BeP4Ru,Ceramic,Mixed,Material Name: BeP4Ru. Category: Ceramic. Subcategory: Mixed. Formula: BeP4Ru. Density: 4.555 g/cm3. Youngs Modulus: -72.65589336008334 GPa. Notes: JVASP-64997.
CeCrGe3,Metal,Non-Ferrous,Material Name: CeCrGe3. Category: Metal. Subcategory: Non-Ferrous. Formula: CeCrGe3. Density: 7.438 g/cm3. Notes: JVASP-97687.
BaPbBr,Metal,Non-Ferrous,Material Name: BaPbBr. Category: Metal. Subcategory: Non-Ferrous. Formula: BaPbBr. Density: 5.113 g/cm3. Youngs Modulus: -1.087864077669903 GPa. Notes: JVASP-64069.
DyPt,Metal,Non-Ferrous,Material Name: DyPt. Category: Metal. Subcategory: Non-Ferrous. Formula: DyPt. Density: 13.513 g/cm3. Notes: JVASP-91615.
Ba4ScSn,Metal,Non-Ferrous,Material Name: Ba4ScSn. Category: Metal. Subcategory: Non-Ferrous. Formula: Ba4ScSn. Density: 4.617 g/cm3. Notes: JVASP-64401.
Yb,Metal,Non-Ferrous,Material Name: Yb. Category: Metal. Subcategory: Non-Ferrous. Formula: Yb. Density: 7.578 g/cm3. Youngs Modulus: 25.861549467806668 GPa. Notes: JVASP-14621.
MgBeCr4,Metal,Non-Ferrous,Material Name: MgBeCr4. Category: Metal. Subcategory: Non-Ferrous. Formula: MgBeCr4. Density: 5.21 g/cm3. Notes: JVASP-64920.
EuF2,Ceramic,Mixed,Material Name: EuF2. Category: Ceramic. Subcategory: Mixed. Formula: EuF2. Density: 7.062 g/cm3. Youngs Modulus: 54.37430960002487 GPa. Notes: JVASP-88019.
V2S2O11,Ceramic,Oxide,Material Name: V2S2O11. Category: Ceramic. Subcategory: Oxide. Formula: V2S2O11. Density: 2.785 g/cm3. Notes: JVASP-98745.
Ba4CdCo,Metal,Non-Ferrous,Material Name: Ba4CdCo. Category: Metal. Subcategory: Non-Ferrous. Formula: Ba4CdCo. Density: 5.025 g/cm3. Notes: JVASP-64759.
Ba4BeGe,Metal,Non-Ferrous,Material Name: Ba4BeGe. Category: Metal. Subcategory: Non-Ferrous. Formula: Ba4BeGe. Density: 4.374 g/cm3. Notes: JVASP-64118.
Ti3Hg,Metal,Non-Ferrous,Material Name: Ti3Hg. Category: Metal. Subcategory: Non-Ferrous. Formula: Ti3Hg. Density: 8.179 g/cm3. Youngs Modulus: 127.8471339571474 GPa. Notes: JVASP-14939.
KBaTa,Metal,Non-Ferrous,Material Name: KBaTa. Category: Metal. Subcategory: Non-Ferrous. Formula: KBaTa. Density: 4.213 g/cm3. Youngs Modulus: -8.444119704624951 GPa. Notes: JVASP-64155.
Bi2Pd3S2,Ceramic,Mixed,Material Name: Bi2Pd3S2. Category: Ceramic. Subcategory: Mixed. Formula: Bi2Pd3S2. Density: 8.936 g/cm3. Notes: JVASP-98053.
Ba4BeFe,Metal,Ferrous,Material Name: Ba4BeFe. Category: Metal. Subcategory: Ferrous. Formula: Ba4BeFe. Density: 4.398 g/cm3. Notes: JVASP-64030.
Yb2Si2O7,Ceramic,Oxide,Material Name: Yb2Si2O7. Category: Ceramic. Subcategory: Oxide. Formula: Yb2Si2O7. Density: 5.726 g/cm3. Youngs Modulus: 86.39743297204791 GPa. Notes: JVASP-86450.
Bi2MoO6,Ceramic,Oxide,Material Name: Bi2MoO6. Category: Ceramic. Subcategory: Oxide. Formula: Bi2MoO6. Density: 8.293 g/cm3. Youngs Modulus: 170.20786521361237 GPa. Notes: JVASP-86038.
TaBe2Os,Metal,Non-Ferrous,Material Name: TaBe2Os. Category: Metal. Subcategory: Non-Ferrous. Formula: TaBe2Os. Density: 12.435 g/cm3. Youngs Modulus: 124.11326579279128 GPa. Notes: JVASP-64883.
MnSn3,Metal,Non-Ferrous,Material Name: MnSn3. Category: Metal. Subcategory: Non-Ferrous. Formula: MnSn3. Density: 6.992 g/cm3. Notes: JVASP-38226.
Ba4PtCl,Ceramic,Mixed,Material Name: Ba4PtCl. Category: Ceramic. Subcategory: Mixed. Formula: Ba4PtCl. Density: 5.736 g/cm3. Notes: JVASP-63941.
Ba3ErMn2O9,Ceramic,Oxide,Material Name: Ba3ErMn2O9. Category: Ceramic. Subcategory: Oxide. Formula: Ba3ErMn2O9. Density: 6.63 g/cm3. Notes: JVASP-97638.
CoI2N6,Ceramic,Nitride,Material Name: CoI2N6. Category: Ceramic. Subcategory: Nitride. Formula: CoI2N6. Density: 5.853 g/cm3. Notes: JVASP-90346.
Ce2InPt2,Metal,Non-Ferrous,Material Name: Ce2InPt2. Category: Metal. Subcategory: Non-Ferrous. Formula: Ce2InPt2. Density: 11.153 g/cm3. Notes: JVASP-98009.
Ca2As3Pb3ClO12,Ceramic,Oxide,Material Name: Ca2As3Pb3ClO12. Category: Ceramic. Subcategory: Oxide. Formula: Ca2As3Pb3ClO12. Density: 5.864 g/cm3. Notes: JVASP-97868.
KBaSn,Metal,Non-Ferrous,Material Name: KBaSn. Category: Metal. Subcategory: Non-Ferrous. Formula: KBaSn. Density: 3.621 g/cm3. Youngs Modulus: -4.97659232007358 GPa. Notes: JVASP-63988.
Cs2TeI6,Metal,Non-Ferrous,Material Name: Cs2TeI6. Category: Metal. Subcategory: Non-Ferrous. Formula: Cs2TeI6. Density: 4.768 g/cm3. Notes: JVASP-22561.
Y3TlC,Ceramic,Carbide,Material Name: Y3TlC. Category: Ceramic. Subcategory: Carbide. Formula: Y3TlC. Density: 6.808 g/cm3. Youngs Modulus: 154.57996382312092 GPa. Notes: JVASP-16219.
Be2PtPb,Metal,Non-Ferrous,Material Name: Be2PtPb. Category: Metal. Subcategory: Non-Ferrous. Formula: Be2PtPb. Density: 11.455 g/cm3. Notes: JVASP-64962.
BeTeP4,Ceramic,Mixed,Material Name: BeTeP4. Category: Ceramic. Subcategory: Mixed. Formula: BeTeP4. Density: 3.069 g/cm3. Notes: JVASP-65082.
Ba4YCd,Metal,Non-Ferrous,Material Name: Ba4YCd. Category: Metal. Subcategory: Non-Ferrous. Formula: Ba4YCd. Density: 4.511 g/cm3. Youngs Modulus: 5.775496688741723 GPa. Notes: JVASP-64560.
BaGa2Ge2O8,Ceramic,Oxide,Material Name: BaGa2Ge2O8. Category: Ceramic. Subcategory: Oxide. Formula: BaGa2Ge2O8. Density: 4.518 g/cm3. Notes: JVASP-97396.
Ba4TeCl,Ceramic,Mixed,Material Name: Ba4TeCl. Category: Ceramic. Subcategory: Mixed. Formula: Ba4TeCl. Density: 4.722 g/cm3. Notes: JVASP-64826.
PrAlPt,Metal,Non-Ferrous,Material Name: PrAlPt. Category: Metal. Subcategory: Non-Ferrous. Formula: PrAlPt. Density: 9.35 g/cm3. Notes: JVASP-86280.
BC2N,Ceramic,Non-Oxide,Material Name: BC2N. Category: Ceramic. Subcategory: Non-Oxide. Formula: BC2N. Density: 2.294 g/cm3. Notes: JVASP-90862.
K3InP2,Ceramic,Mixed,Material Name: K3InP2. Category: Ceramic. Subcategory: Mixed. Formula: K3InP2. Density: 2.597 g/cm3. Notes: JVASP-87920.
AuCClO,Ceramic,Oxide,Material Name: AuCClO. Category: Ceramic. Subcategory: Oxide. Formula: AuCClO. Density: 5.107 g/cm3. Youngs Modulus: 17.776002369668245 GPa. Notes: JVASP-86596.
CaSi2,Ceramic,Mixed,Material Name: CaSi2. Category: Ceramic. Subcategory: Mixed. Formula: CaSi2. Density: 2.413 g/cm3. Notes: JVASP-86381.
Ba4ZrSi,Ceramic,Mixed,Material Name: Ba4ZrSi. Category: Ceramic. Subcategory: Mixed. Formula: Ba4ZrSi. Density: 4.639 g/cm3. Notes: JVASP-64074.
Li8BiS6,Ceramic,Mixed,Material Name: Li8BiS6. Category: Ceramic. Subcategory: Mixed. Formula: Li8BiS6. Density: 2.901 g/cm3. Notes: JVASP-50409.
Ba4ScTl,Metal,Non-Ferrous,Material Name: Ba4ScTl. Category: Metal. Subcategory: Non-Ferrous. Formula: Ba4ScTl. Density: 4.994 g/cm3. Notes: JVASP-64762.
Mn4BeRe,Metal,Non-Ferrous,Material Name: Mn4BeRe. Category: Metal. Subcategory: Non-Ferrous. Formula: Mn4BeRe. Density: 10.038 g/cm3. Notes: JVASP-64921.
YSc4Be,Metal,Non-Ferrous,Material Name: YSc4Be. Category: Metal. Subcategory: Non-Ferrous. Formula: YSc4Be. Density: 3.205 g/cm3. Youngs Modulus: 13.969209210618972 GPa. Notes: JVASP-65036.
KMnH24C14N8,Ceramic,Nitride,Material Name: KMnH24C14N8. Category: Ceramic. Subcategory: Nitride. Formula: KMnH24C14N8. Density: 1.458 g/cm3. Notes: JVASP-97934.
Ba4MgTi,Metal,Non-Ferrous,Material Name: Ba4MgTi. Category: Metal. Subcategory: Non-Ferrous. Formula: Ba4MgTi. Density: 3.97 g/cm3. Youngs Modulus: -29.810839404497948 GPa. Notes: JVASP-64212.
Ba4SiCl,Ceramic,Mixed,Material Name: Ba4SiCl. Category: Ceramic. Subcategory: Mixed. Formula: Ba4SiCl. Density: 4.308 g/cm3. Notes: JVASP-64031.
Y,Metal,Non-Ferrous,Material Name: Y. Category: Metal. Subcategory: Non-Ferrous. Formula: Y. Density: 4.664 g/cm3. Youngs Modulus: 61.7497969130788 GPa. Notes: JVASP-14836.
Li3Cr2Ni2O8,Ceramic,Oxide,Material Name: Li3Cr2Ni2O8. Category: Ceramic. Subcategory: Oxide. Formula: Li3Cr2Ni2O8. Density: 4.527 g/cm3. Notes: JVASP-42234.
Ba4CuMo,Metal,Non-Ferrous,Material Name: Ba4CuMo. Category: Metal. Subcategory: Non-Ferrous. Formula: Ba4CuMo. Density: 4.942 g/cm3. Notes: JVASP-63942.
LaCuSb2,Metal,Non-Ferrous,Material Name: LaCuSb2. Category: Metal. Subcategory: Non-Ferrous. Formula: LaCuSb2. Density: 7.332 g/cm3. Notes: JVASP-91660.
Ta2CrNO5,Ceramic,Oxide,Material Name: Ta2CrNO5. Category: Ceramic. Subcategory: Oxide. Formula: Ta2CrNO5. Density: 8.283 g/cm3. Notes: JVASP-42591.
LiNbF6,Ceramic,Mixed,Material Name: LiNbF6. Category: Ceramic. Subcategory: Mixed. Formula: LiNbF6. Density: 3.394 g/cm3. Youngs Modulus: 48.85170276414982 GPa. Notes: JVASP-91799.
Pr2TeO2,Ceramic,Oxide,Material Name: Pr2TeO2. Category: Ceramic. Subcategory: Oxide. Formula: Pr2TeO2. Density: 6.71 g/cm3. Youngs Modulus: 102.74892797132296 GPa. Notes: JVASP-3324.
Ba4SiPb,Ceramic,Mixed,Material Name: Ba4SiPb. Category: Ceramic. Subcategory: Mixed. Formula: Ba4SiPb. Density: 5.406 g/cm3. Notes: JVASP-63989.
BaMg6Ga,Metal,Non-Ferrous,Material Name: BaMg6Ga. Category: Metal. Subcategory: Non-Ferrous. Formula: BaMg6Ga. Density: 2.67 g/cm3. Notes: JVASP-92205.
BaCaGaF7,Ceramic,Mixed,Material Name: BaCaGaF7. Category: Ceramic. Subcategory: Mixed. Formula: BaCaGaF7. Density: 4.441 g/cm3. Notes: JVASP-88375.
Ni2PO5,Ceramic,Oxide,Material Name: Ni2PO5. Category: Ceramic. Subcategory: Oxide. Formula: Ni2PO5. Density: 4.529 g/cm3. Notes: JVASP-43306.
Sm2Fe2Se2O3,Ceramic,Oxide,Material Name: Sm2Fe2Se2O3. Category: Ceramic. Subcategory: Oxide. Formula: Sm2Fe2Se2O3. Density: 6.963 g/cm3. Notes: JVASP-90242.
LiCoSiO4,Ceramic,Oxide,Material Name: LiCoSiO4. Category: Ceramic. Subcategory: Oxide. Formula: LiCoSiO4. Density: 3.075 g/cm3. Notes: JVASP-48105.
BaTiO3,Ceramic,Oxide,Material Name: BaTiO3. Category: Ceramic. Subcategory: Oxide. Formula: BaTiO3. Density: 3.654 g/cm3. Youngs Modulus: 32.32160183600436 GPa. Notes: JVASP-85718.
Dy6Fe16O,Ceramic,Oxide,Material Name: Dy6Fe16O. Category: Ceramic. Subcategory: Oxide. Formula: Dy6Fe16O. Density: 9.561 g/cm3. Notes: JVASP-98511.
Ba2NaHf,Metal,Non-Ferrous,Material Name: Ba2NaHf. Category: Metal. Subcategory: Non-Ferrous. Formula: Ba2NaHf. Density: 5.105 g/cm3. Youngs Modulus: 27.63827392120075 GPa. Notes: JVASP-64346.
GaPd2,Metal,Non-Ferrous,Material Name: GaPd2. Category: Metal. Subcategory: Non-Ferrous. Formula: GaPd2. Density: 10.42 g/cm3. Notes: JVASP-85865.
Sr2CoSe2Cl2O6,Ceramic,Oxide,Material Name: Sr2CoSe2Cl2O6. Category: Ceramic. Subcategory: Oxide. Formula: Sr2CoSe2Cl2O6. Density: 4.367 g/cm3. Notes: JVASP-98114.
Ba4SrCo,Metal,Non-Ferrous,Material Name: Ba4SrCo. Category: Metal. Subcategory: Non-Ferrous. Formula: Ba4SrCo. Density: 3.946 g/cm3. Notes: JVASP-64828.
Ba4YTe,Metal,Non-Ferrous,Material Name: Ba4YTe. Category: Metal. Subcategory: Non-Ferrous. Formula: Ba4YTe. Density: 4.631 g/cm3. Youngs Modulus: 2.987950138504155 GPa. Notes: JVASP-64630.
KNaLi2S2O8,Ceramic,Oxide,Material Name: KNaLi2S2O8. Category: Ceramic. Subcategory: Oxide. Formula: KNaLi2S2O8. Density: 2.479 g/cm3. Notes: JVASP-98194.
Li5Ti2Co5O12,Ceramic,Oxide,Material Name: Li5Ti2Co5O12. Category: Ceramic. Subcategory: Oxide. Formula: Li5Ti2Co5O12. Density: 4.845 g/cm3. Notes: JVASP-48172.
BeCo4Os,Metal,Non-Ferrous,Material Name: BeCo4Os. Category: Metal. Subcategory: Non-Ferrous. Formula: BeCo4Os. Density: 10.373 g/cm3. Notes: JVASP-64963.
CaAsH5O6,Ceramic,Oxide,Material Name: CaAsH5O6. Category: Ceramic. Subcategory: Oxide. Formula: CaAsH5O6. Density: 2.516 g/cm3. Notes: JVASP-49954.
Ba5Ga5Pb,Metal,Non-Ferrous,Material Name: Ba5Ga5Pb. Category: Metal. Subcategory: Non-Ferrous. Formula: Ba5Ga5Pb. Density: 5.915 g/cm3. Notes: JVASP-98575.
Li2ZnGe,Metal,Non-Ferrous,Material Name: Li2ZnGe. Category: Metal. Subcategory: Non-Ferrous. Formula: Li2ZnGe. Density: 3.841 g/cm3. Notes: JVASP-86213.
Ba4BeHg,Metal,Non-Ferrous,Material Name: Ba4BeHg. Category: Metal. Subcategory: Non-Ferrous. Formula: Ba4BeHg. Density: 5.011 g/cm3. Notes: JVASP-64214.
Ba4CoMo,Metal,Non-Ferrous,Material Name: Ba4CoMo. Category: Metal. Subcategory: Non-Ferrous. Formula: Ba4CoMo. Density: 5.092 g/cm3. Notes: JVASP-64033.
Ba4InPd,Metal,Non-Ferrous,Material Name: Ba4InPd. Category: Metal. Subcategory: Non-Ferrous. Formula: Ba4InPd. Density: 5.381 g/cm3. Notes: JVASP-63943.
Ba2UFeO6,Ceramic,Oxide,Material Name: Ba2UFeO6. Category: Ceramic. Subcategory: Oxide. Formula: Ba2UFeO6. Density: 7.87 g/cm3. Notes: JVASP-107792.
BeCrPd,Metal,Non-Ferrous,Material Name: BeCrPd. Category: Metal. Subcategory: Non-Ferrous. Formula: BeCrPd. Density: 8.029 g/cm3. Youngs Modulus: 270.1157148424532 GPa. Notes: JVASP-65117.
BeVCu4,Metal,Non-Ferrous,Material Name: BeVCu4. Category: Metal. Subcategory: Non-Ferrous. Formula: BeVCu4. Density: 6.856 g/cm3. Notes: JVASP-65083.
La2Mn2Se2O3,Ceramic,Oxide,Material Name: La2Mn2Se2O3. Category: Ceramic. Subcategory: Oxide. Formula: La2Mn2Se2O3. Density: 6.123 g/cm3. Notes: JVASP-89907.
BeCuBi4,Metal,Non-Ferrous,Material Name: BeCuBi4. Category: Metal. Subcategory: Non-Ferrous. Formula: BeCuBi4. Density: 7.979 g/cm3. Notes: JVASP-64922.
CaH12I2O14,Ceramic,Oxide,Material Name: CaH12I2O14. Category: Ceramic. Subcategory: Oxide. Formula: CaH12I2O14. Density: 3.238 g/cm3. Notes: JVASP-98626.
Ba4YSb,Metal,Non-Ferrous,Material Name: Ba4YSb. Category: Metal. Subcategory: Non-Ferrous. Formula: Ba4YSb. Density: 4.773 g/cm3. Notes: JVASP-64561.
Ba4NbTe,Metal,Non-Ferrous,Material Name: Ba4NbTe. Category: Metal. Subcategory: Non-Ferrous. Formula: Ba4NbTe. Density: 5.137 g/cm3. Notes: JVASP-64763.
Ba4WBr,Metal,Non-Ferrous,Material Name: Ba4WBr. Category: Metal. Subcategory: Non-Ferrous. Formula: Ba4WBr. Density: 5.451 g/cm3. Notes: JVASP-63990.
Ta4BeTc,Metal,Non-Ferrous,Material Name: Ta4BeTc. Category: Metal. Subcategory: Non-Ferrous. Formula: Ta4BeTc. Density: 12.969 g/cm3. Notes: JVASP-65037.
BaScBr,Metal,Non-Ferrous,Material Name: BaScBr. Category: Metal. Subcategory: Non-Ferrous. Formula: BaScBr. Density: 3.136 g/cm3. Youngs Modulus: -222.2970936490851 GPa. Notes: JVASP-64119.
Li2Co3SnO8,Ceramic,Oxide,Material Name: Li2Co3SnO8. Category: Ceramic. Subcategory: Oxide. Formula: Li2Co3SnO8. Density: 5.138 g/cm3. Notes: JVASP-46857.
IBr,Unknown,,Material Name: IBr. Category: Unknown. Formula: IBr. Density: 4.645 g/cm3. Youngs Modulus: 19.04132038834952 GPa. Notes: JVASP-2029.
Ba4MgTa,Metal,Non-Ferrous,Material Name: Ba4MgTa. Category: Metal. Subcategory: Non-Ferrous. Formula: Ba4MgTa. Density: 5.029 g/cm3. Notes: JVASP-64347.
KSn2Se4,Metal,Non-Ferrous,Material Name: KSn2Se4. Category: Metal. Subcategory: Non-Ferrous. Formula: KSn2Se4. Density: 4.266 g/cm3. Notes: JVASP-97819.
CeCoGe3,Metal,Non-Ferrous,Material Name: CeCoGe3. Category: Metal. Subcategory: Non-Ferrous. Formula: CeCoGe3. Density: 7.563 g/cm3. Notes: JVASP-97688.
Ba4SnBr,Metal,Non-Ferrous,Material Name: Ba4SnBr. Category: Metal. Subcategory: Non-Ferrous. Formula: Ba4SnBr. Density: 4.927 g/cm3. Youngs Modulus: -6.477101516919487 GPa. Notes: JVASP-64289.
K2CuH8C4O12,Ceramic,Oxide,Material Name: K2CuH8C4O12. Category: Ceramic. Subcategory: Oxide. Formula: K2CuH8C4O12. Density: 2.253 g/cm3. Notes: JVASP-98842.
Ba4HfGe,Metal,Non-Ferrous,Material Name: Ba4HfGe. Category: Metal. Subcategory: Non-Ferrous. Formula: Ba4HfGe. Density: 5.54 g/cm3. Notes: JVASP-63945.
Ba4BiW,Metal,Non-Ferrous,Material Name: Ba4BiW. Category: Metal. Subcategory: Non-Ferrous. Formula: Ba4BiW. Density: 6.526 g/cm3. Notes: JVASP-64035.
LuNiGe2,Metal,Non-Ferrous,Material Name: LuNiGe2. Category: Metal. Subcategory: Non-Ferrous. Formula: LuNiGe2. Density: 9.181 g/cm3. Notes: JVASP-97512.
Ba4MgPb,Metal,Non-Ferrous,Material Name: Ba4MgPb. Category: Metal. Subcategory: Non-Ferrous. Formula: Ba4MgPb. Density: 4.867 g/cm3. Notes: JVASP-64215.
LiErP4O12,Ceramic,Oxide,Material Name: LiErP4O12. Category: Ceramic. Subcategory: Oxide. Formula: LiErP4O12. Density: 3.731 g/cm3. Notes: JVASP-98243.
PbI2,Metal,Non-Ferrous,Material Name: PbI2. Category: Metal. Subcategory: Non-Ferrous. Formula: PbI2. Density: 5.932 g/cm3. Youngs Modulus: 16.662053571428572 GPa. Notes: JVASP-161.
Ni23B6,Ceramic,Boride,Material Name: Ni23B6. Category: Ceramic. Subcategory: Boride. Formula: Ni23B6. Density: 8.336 g/cm3. Notes: JVASP-97351.
Ba4ZrTa,Metal,Non-Ferrous,Material Name: Ba4ZrTa. Category: Metal. Subcategory: Non-Ferrous. Formula: Ba4ZrTa. Density: 6.232 g/cm3. Notes: JVASP-63991.
Ba4HfSe,Metal,Non-Ferrous,Material Name: Ba4HfSe. Category: Metal. Subcategory: Non-Ferrous. Formula: Ba4HfSe. Density: 5.464 g/cm3. Youngs Modulus: 8.52127659574468 GPa. Notes: JVASP-64484.
BaSr2Ga,Metal,Non-Ferrous,Material Name: BaSr2Ga. Category: Metal. Subcategory: Non-Ferrous. Formula: BaSr2Ga. Density: 4.103 g/cm3. Notes: JVASP-64631.
BiB3O6,Ceramic,Oxide,Material Name: BiB3O6. Category: Ceramic. Subcategory: Oxide. Formula: BiB3O6. Density: 6.117 g/cm3. Notes: JVASP-97869.
Ba4MgSn,Metal,Non-Ferrous,Material Name: Ba4MgSn. Category: Metal. Subcategory: Non-Ferrous. Formula: Ba4MgSn. Density: 4.388 g/cm3. Youngs Modulus: 3.046803519061584 GPa. Notes: JVASP-64700.
Eu2PI,Ceramic,Mixed,Material Name: Eu2PI. Category: Ceramic. Subcategory: Mixed. Formula: Eu2PI. Density: 6.895 g/cm3. Youngs Modulus: 77.7373237358836 GPa. Notes: JVASP-86855.
HgO,Ceramic,Oxide,Material Name: HgO. Category: Ceramic. Subcategory: Oxide. Formula: HgO. Density: 10.462 g/cm3. Youngs Modulus: 39.69074471722629 GPa. Notes: JVASP-2133.
YMg7,Metal,Non-Ferrous,Material Name: YMg7. Category: Metal. Subcategory: Non-Ferrous. Formula: YMg7. Density: 2.173 g/cm3. Notes: JVASP-91705.
Ba4MgNi,Metal,Superalloy,Material Name: Ba4MgNi. Category: Metal. Subcategory: Superalloy. Formula: Ba4MgNi. Density: 4.149 g/cm3. Notes: JVASP-64120.
Ba4SrNi,Metal,Superalloy,Material Name: Ba4SrNi. Category: Metal. Subcategory: Superalloy. Formula: Ba4SrNi. Density: 3.417 g/cm3. Youngs Modulus: 73.59175692120475 GPa. Notes: JVASP-64564.
UCoO4,Ceramic,Oxide,Material Name: UCoO4. Category: Ceramic. Subcategory: Oxide. Formula: UCoO4. Density: 8.31 g/cm3. Notes: JVASP-89044.
Ba4NiW,Metal,Superalloy,Material Name: Ba4NiW. Category: Metal. Subcategory: Superalloy. Formula: Ba4NiW. Density: 5.295 g/cm3. Notes: JVASP-64764.
AgC2N3,Ceramic,Nitride,Material Name: AgC2N3. Category: Ceramic. Subcategory: Nitride. Formula: AgC2N3. Density: 3.391 g/cm3. Youngs Modulus: 17.95859351546082 GPa. Notes: JVASP-85471.
Be2ReSi,Ceramic,Mixed,Material Name: Be2ReSi. Category: Ceramic. Subcategory: Mixed. Formula: Be2ReSi. Density: 8.338 g/cm3. Notes: JVASP-65038.
CoH2SO5,Ceramic,Oxide,Material Name: CoH2SO5. Category: Ceramic. Subcategory: Oxide. Formula: CoH2SO5. Density: 3.272 g/cm3. Youngs Modulus: 81.07442046597387 GPa. Notes: JVASP-85671.
Mn3FeP4,Ceramic,Mixed,Material Name: Mn3FeP4. Category: Ceramic. Subcategory: Mixed. Formula: Mn3FeP4. Density: 5.979 g/cm3. Notes: JVASP-107750.
BeMo4Pd,Metal,Non-Ferrous,Material Name: BeMo4Pd. Category: Metal. Subcategory: Non-Ferrous. Formula: BeMo4Pd. Density: 8.594 g/cm3. Notes: JVASP-65118.
BeGe4Ir,Metal,Non-Ferrous,Material Name: BeGe4Ir. Category: Metal. Subcategory: Non-Ferrous. Formula: BeGe4Ir. Density: 7.62 g/cm3. Notes: JVASP-64964.
BaCaBi,Metal,Non-Ferrous,Material Name: BaCaBi. Category: Metal. Subcategory: Non-Ferrous. Formula: BaCaBi. Density: 4.824 g/cm3. Notes: JVASP-64351.
YBeCu4,Metal,Non-Ferrous,Material Name: YBeCu4. Category: Metal. Subcategory: Non-Ferrous. Formula: YBeCu4. Density: 6.739 g/cm3. Notes: JVASP-65085.
PuNi3,Metal,Non-Ferrous,Material Name: PuNi3. Category: Metal. Subcategory: Non-Ferrous. Formula: PuNi3. Density: 12.921 g/cm3. Notes: JVASP-85567.
Ba4MgGa,Metal,Non-Ferrous,Material Name: Ba4MgGa. Category: Metal. Subcategory: Non-Ferrous. Formula: Ba4MgGa. Density: 4.014 g/cm3. Youngs Modulus: 2.287370242214533 GPa. Notes: JVASP-64402.
GaBr2,Metal,Non-Ferrous,Material Name: GaBr2. Category: Metal. Subcategory: Non-Ferrous. Formula: GaBr2. Density: 4.071 g/cm3. Notes: JVASP-5509.
Li3VO3F2,Ceramic,Oxide,Material Name: Li3VO3F2. Category: Ceramic. Subcategory: Oxide. Formula: Li3VO3F2. Density: 2.625 g/cm3. Notes: JVASP-42812.
LiMn2P2O8,Ceramic,Oxide,Material Name: LiMn2P2O8. Category: Ceramic. Subcategory: Oxide. Formula: LiMn2P2O8. Density: 3.5 g/cm3. Notes: JVASP-42633.
Pr2Fe17,Metal,Ferrous,Material Name: Pr2Fe17. Category: Metal. Subcategory: Ferrous. Formula: Pr2Fe17. Density: 8.227 g/cm3. Notes: JVASP-87115.
Ba4CaCo,Metal,Non-Ferrous,Material Name: Ba4CaCo. Category: Metal. Subcategory: Non-Ferrous. Formula: Ba4CaCo. Density: 4.028 g/cm3. Notes: JVASP-64157.
Ba4SeCl,Ceramic,Mixed,Material Name: Ba4SeCl. Category: Ceramic. Subcategory: Mixed. Formula: Ba4SeCl. Density: 4.613 g/cm3. Notes: JVASP-64295.
BaLi4,Metal,Non-Ferrous,Material Name: BaLi4. Category: Metal. Subcategory: Non-Ferrous. Formula: BaLi4. Density: 1.891 g/cm3. Notes: JVASP-98010.
Li3CuF6,Ceramic,Mixed,Material Name: Li3CuF6. Category: Ceramic. Subcategory: Mixed. Formula: Li3CuF6. Density: 3.406 g/cm3. Notes: JVASP-50769.
Li2Fe5O5F7,Ceramic,Oxide,Material Name: Li2Fe5O5F7. Category: Ceramic. Subcategory: Oxide. Formula: Li2Fe5O5F7. Density: 4.326 g/cm3. Notes: JVASP-42547.
LuAg4,Metal,Non-Ferrous,Material Name: LuAg4. Category: Metal. Subcategory: Non-Ferrous. Formula: LuAg4. Density: 10.74 g/cm3. Notes: JVASP-86786.
TlZn2Sb2,Metal,Non-Ferrous,Material Name: TlZn2Sb2. Category: Metal. Subcategory: Non-Ferrous. Formula: TlZn2Sb2. Density: 7.095 g/cm3. Notes: JVASP-98373.
KBaCr,Metal,Non-Ferrous,Material Name: KBaCr. Category: Metal. Subcategory: Non-Ferrous. Formula: KBaCr. Density: 2.614 g/cm3. Youngs Modulus: -15.932804811372332 GPa. Notes: JVASP-64830.
KMg6Nb,Metal,Non-Ferrous,Material Name: KMg6Nb. Category: Metal. Subcategory: Non-Ferrous. Formula: KMg6Nb. Density: 2.354 g/cm3. Notes: JVASP-90450.
Cs2PdI6,Metal,Non-Ferrous,Material Name: Cs2PdI6. Category: Metal. Subcategory: Non-Ferrous. Formula: Cs2PdI6. Density: 5.208 g/cm3. Notes: JVASP-22650.
Ba4TiZn,Metal,Non-Ferrous,Material Name: Ba4TiZn. Category: Metal. Subcategory: Non-Ferrous. Formula: Ba4TiZn. Density: 4.385 g/cm3. Notes: JVASP-64703.
Y3RuI3,Metal,Non-Ferrous,Material Name: Y3RuI3. Category: Metal. Subcategory: Non-Ferrous. Formula: Y3RuI3. Density: 5.586 g/cm3. Notes: JVASP-88569.
Ba4NbSe,Metal,Non-Ferrous,Material Name: Ba4NbSe. Category: Metal. Subcategory: Non-Ferrous. Formula: Ba4NbSe. Density: 4.974 g/cm3. Youngs Modulus: 4.487384902143523 GPa. Notes: JVASP-64076.
Ba4ScRh,Metal,Non-Ferrous,Material Name: Ba4ScRh. Category: Metal. Subcategory: Non-Ferrous. Formula: Ba4ScRh. Density: 4.943 g/cm3. Notes: JVASP-64123.
Ba4YTa,Metal,Non-Ferrous,Material Name: Ba4YTa. Category: Metal. Subcategory: Non-Ferrous. Formula: Ba4YTa. Density: 5.497 g/cm3. Notes: JVASP-63949.
Ba4BeZn,Metal,Non-Ferrous,Material Name: Ba4BeZn. Category: Metal. Subcategory: Non-Ferrous. Formula: Ba4BeZn. Density: 4.083 g/cm3. Notes: JVASP-64216.
Mg3V6Fe4O24,Ceramic,Oxide,Material Name: Mg3V6Fe4O24. Category: Ceramic. Subcategory: Oxide. Formula: Mg3V6Fe4O24. Density: 3.746 g/cm3. Notes: JVASP-97595.
Ba4TlIn,Metal,Non-Ferrous,Material Name: Ba4TlIn. Category: Metal. Subcategory: Non-Ferrous. Formula: Ba4TlIn. Density: 5.535 g/cm3. Notes: JVASP-64490.
Ba4HfTe,Metal,Non-Ferrous,Material Name: Ba4HfTe. Category: Metal. Subcategory: Non-Ferrous. Formula: Ba4HfTe. Density: 5.618 g/cm3. Notes: JVASP-64633.
MnNiAs,Metal,Non-Ferrous,Material Name: MnNiAs. Category: Metal. Subcategory: Non-Ferrous. Formula: MnNiAs. Density: 7.718 g/cm3. Youngs Modulus: 120.45503139013454 GPa. Notes: JVASP-89981.
Ba2HfO4,Ceramic,Oxide,Material Name: Ba2HfO4. Category: Ceramic. Subcategory: Oxide. Formula: Ba2HfO4. Density: 7.247 g/cm3. Youngs Modulus: 164.93029128979418 GPa. Notes: JVASP-49782.
Si2Ag6O7,Ceramic,Oxide,Material Name: Si2Ag6O7. Category: Ceramic. Subcategory: Oxide. Formula: Si2Ag6O7. Density: 6.252 g/cm3. Notes: JVASP-97446.
NbFeF6,Ceramic,Mixed,Material Name: NbFeF6. Category: Ceramic. Subcategory: Mixed. Formula: NbFeF6. Density: 3.842 g/cm3. Youngs Modulus: 57.128250641574 GPa. Notes: JVASP-85931.
Sc4TaBe,Metal,Non-Ferrous,Material Name: Sc4TaBe. Category: Metal. Subcategory: Non-Ferrous. Formula: Sc4TaBe. Density: 5.019 g/cm3. Notes: JVASP-65119.
HfBeFe4,Metal,Ferrous,Material Name: HfBeFe4. Category: Metal. Subcategory: Ferrous. Formula: HfBeFe4. Density: 9.152 g/cm3. Youngs Modulus: 187.07883908866137 GPa. Notes: JVASP-64887.
MoCl3,Ceramic,Mixed,Material Name: MoCl3. Category: Ceramic. Subcategory: Mixed. Formula: MoCl3. Density: 3.766 g/cm3. Youngs Modulus: 55.23870330181367 GPa. Notes: JVASP-86106.
LuSi2Cu2,Ceramic,Mixed,Material Name: LuSi2Cu2. Category: Ceramic. Subcategory: Mixed. Formula: LuSi2Cu2. Density: 7.682 g/cm3. Notes: JVASP-86510.
Li2Te,Metal,Non-Ferrous,Material Name: Li2Te. Category: Metal. Subcategory: Non-Ferrous. Formula: Li2Te. Density: 3.457 g/cm3. Youngs Modulus: 47.43197458552566 GPa. Notes: JVASP-1399.
MgBe2Br,Metal,Non-Ferrous,Material Name: MgBe2Br. Category: Metal. Subcategory: Non-Ferrous. Formula: MgBe2Br. Density: 2.887 g/cm3. Notes: JVASP-64923.
HoSnAu,Metal,Non-Ferrous,Material Name: HoSnAu. Category: Metal. Subcategory: Non-Ferrous. Formula: HoSnAu. Density: 11.335 g/cm3. Notes: JVASP-86162.
Na2Nb4O11,Ceramic,Oxide,Material Name: Na2Nb4O11. Category: Ceramic. Subcategory: Oxide. Formula: Na2Nb4O11. Density: 4.64 g/cm3. Notes: JVASP-97397.
Ba4MgTl,Metal,Non-Ferrous,Material Name: Ba4MgTl. Category: Metal. Subcategory: Non-Ferrous. Formula: Ba4MgTl. Density: 4.753 g/cm3. Notes: JVASP-64352.
Ba4TlGa,Metal,Non-Ferrous,Material Name: Ba4TlGa. Category: Metal. Subcategory: Non-Ferrous. Formula: Ba4TlGa. Density: 5.345 g/cm3. Notes: JVASP-64835.
LiY3WO8,Ceramic,Oxide,Material Name: LiY3WO8. Category: Ceramic. Subcategory: Oxide. Formula: LiY3WO8. Density: 5.004 g/cm3. Notes: JVASP-48660.
Be2VMo,Metal,Non-Ferrous,Material Name: Be2VMo. Category: Metal. Subcategory: Non-Ferrous. Formula: Be2VMo. Density: 5.567 g/cm3. Notes: JVASP-65087.
BeNb4Pd,Metal,Non-Ferrous,Material Name: BeNb4Pd. Category: Metal. Subcategory: Non-Ferrous. Formula: BeNb4Pd. Density: 7.549 g/cm3. Notes: JVASP-64965.
ClF3,Ceramic,Non-Oxide,Material Name: ClF3. Category: Ceramic. Subcategory: Non-Oxide. Formula: ClF3. Density: 2.649 g/cm3. Youngs Modulus: 12.5954165150964 GPa. Notes: JVASP-22588.
Ba2TlCr,Metal,Non-Ferrous,Material Name: Ba2TlCr. Category: Metal. Subcategory: Non-Ferrous. Formula: Ba2TlCr. Density: 5.969 g/cm3. Notes: JVASP-64217.
MoCl3O,Ceramic,Oxide,Material Name: MoCl3O. Category: Ceramic. Subcategory: Oxide. Formula: MoCl3O. Density: 3.171 g/cm3. Youngs Modulus: 21.341755684822843 GPa. Notes: JVASP-32220.
Ba4MnSn,Metal,Non-Ferrous,Material Name: Ba4MnSn. Category: Metal. Subcategory: Non-Ferrous. Formula: Ba4MnSn. Density: 4.993 g/cm3. Notes: JVASP-64077.
Ba4CdPb,Metal,Non-Ferrous,Material Name: Ba4CdPb. Category: Metal. Subcategory: Non-Ferrous. Formula: Ba4CdPb. Density: 5.563 g/cm3. Notes: JVASP-64159.
Ba4MnGe,Metal,Non-Ferrous,Material Name: Ba4MnGe. Category: Metal. Subcategory: Non-Ferrous. Formula: Ba4MnGe. Density: 4.619 g/cm3. Notes: JVASP-63950.
Ba4TlSi,Ceramic,Mixed,Material Name: Ba4TlSi. Category: Ceramic. Subcategory: Mixed. Formula: Ba4TlSi. Density: 5.315 g/cm3. Notes: JVASP-64124.
Na2Si2O5,Ceramic,Oxide,Material Name: Na2Si2O5. Category: Ceramic. Subcategory: Oxide. Formula: Na2Si2O5. Density: 2.576 g/cm3. Notes: JVASP-97820.
B5Mo2,Ceramic,Boride,Material Name: B5Mo2. Category: Ceramic. Subcategory: Boride. Formula: B5Mo2. Density: 6.901 g/cm3. Notes: JVASP-86980.
BeCu4Pt,Metal,Non-Ferrous,Material Name: BeCu4Pt. Category: Metal. Subcategory: Non-Ferrous. Formula: BeCu4Pt. Density: 10.069 g/cm3. Youngs Modulus: 94.5221116600178 GPa. Notes: JVASP-64998.
InH7N2OF4,Ceramic,Oxide,Material Name: InH7N2OF4. Category: Ceramic. Subcategory: Oxide. Formula: InH7N2OF4. Density: 2.974 g/cm3. Notes: JVASP-97936.
Ba4InGe,Metal,Non-Ferrous,Material Name: Ba4InGe. Category: Metal. Subcategory: Non-Ferrous. Formula: Ba4InGe. Density: 4.973 g/cm3. Notes: JVASP-64491.
Ba4CrSb,Metal,Non-Ferrous,Material Name: Ba4CrSb. Category: Metal. Subcategory: Non-Ferrous. Formula: Ba4CrSb. Density: 4.686 g/cm3. Notes: JVASP-64635.
BaNaMg,Metal,Non-Ferrous,Material Name: BaNaMg. Category: Metal. Subcategory: Non-Ferrous. Formula: BaNaMg. Density: 2.055 g/cm3. Youngs Modulus: -29.091733604473824 GPa. Notes: JVASP-64767.
BaCaTe,Metal,Non-Ferrous,Material Name: BaCaTe. Category: Metal. Subcategory: Non-Ferrous. Formula: BaCaTe. Density: 3.594 g/cm3. Notes: JVASP-63992.
KBaCl,Ceramic,Mixed,Material Name: KBaCl. Category: Ceramic. Subcategory: Mixed. Formula: KBaCl. Density: 2.263 g/cm3. Youngs Modulus: 380.43089700996666 GPa. Notes: JVASP-64565.
Sr5In3,Metal,Non-Ferrous,Material Name: Sr5In3. Category: Metal. Subcategory: Non-Ferrous. Formula: Sr5In3. Density: 4.201 g/cm3. Notes: JVASP-86909.
KCeGeSe4,Metal,Non-Ferrous,Material Name: KCeGeSe4. Category: Metal. Subcategory: Non-Ferrous. Formula: KCeGeSe4. Density: 4.553 g/cm3. Notes: JVASP-98011.
BaCaY,Metal,Non-Ferrous,Material Name: BaCaY. Category: Metal. Subcategory: Non-Ferrous. Formula: BaCaY. Density: 3.304 g/cm3. Youngs Modulus: 3.904238200823567 GPa. Notes: JVASP-64036.
Nd3SeBrN2,Ceramic,Nitride,Material Name: Nd3SeBrN2. Category: Ceramic. Subcategory: Nitride. Formula: Nd3SeBrN2. Density: 5.966 g/cm3. Notes: JVASP-98577.
Li3Nd3W2O12,Ceramic,Oxide,Material Name: Li3Nd3W2O12. Category: Ceramic. Subcategory: Oxide. Formula: Li3Nd3W2O12. Density: 6.837 g/cm3. Notes: JVASP-97639.
SbSBr3F6,Unknown,,Material Name: SbSBr3F6. Category: Unknown. Formula: SbSBr3F6. Density: 3.71 g/cm3. Notes: JVASP-98245.
UH12N2O14,Unknown,,Material Name: UH12N2O14. Category: Unknown. Formula: UH12N2O14. Density: 2.981 g/cm3. Notes: JVASP-97762.
Na2Si3H2O8,Ceramic,Oxide,Material Name: Na2Si3H2O8. Category: Ceramic. Subcategory: Oxide. Formula: Na2Si3H2O8. Density: 2.347 g/cm3. Notes: JVASP-98627.
UTe3,Unknown,,Material Name: UTe3. Category: Unknown. Formula: UTe3. Density: 7.938 g/cm3. Notes: JVASP-87051.
USe3,Unknown,,Material Name: USe3. Category: Unknown. Formula: USe3. Density: 7.702 g/cm3. Notes: JVASP-91999.
Sc4TiBe,Metal,Non-Ferrous,Material Name: Sc4TiBe. Category: Metal. Subcategory: Non-Ferrous. Formula: Sc4TiBe. Density: 3.114 g/cm3. Notes: JVASP-65120.
NdAl3,Metal,Non-Ferrous,Material Name: NdAl3. Category: Metal. Subcategory: Non-Ferrous. Formula: NdAl3. Density: 4.363 g/cm3. Notes: JVASP-91946.
TmNiC2,Ceramic,Carbide,Material Name: TmNiC2. Category: Ceramic. Subcategory: Carbide. Formula: TmNiC2. Density: 8.889 g/cm3. Youngs Modulus: 257.3484375 GPa. Notes: JVASP-15304.
K2MnSnSe4,Metal,Non-Ferrous,Material Name: K2MnSnSe4. Category: Metal. Subcategory: Non-Ferrous. Formula: K2MnSnSe4. Density: 4.037 g/cm3. Notes: JVASP-98305.
MgZn3S4,Ceramic,Mixed,Material Name: MgZn3S4. Category: Ceramic. Subcategory: Mixed. Formula: MgZn3S4. Density: 3.49 g/cm3. Notes: JVASP-107751.
Ba4TlCo,Metal,Non-Ferrous,Material Name: Ba4TlCo. Category: Metal. Subcategory: Non-Ferrous. Formula: Ba4TlCo. Density: 5.501 g/cm3. Notes: JVASP-64837.
Li4Cr2P4H3O16,Ceramic,Oxide,Material Name: Li4Cr2P4H3O16. Category: Ceramic. Subcategory: Oxide. Formula: Li4Cr2P4H3O16. Density: 2.911 g/cm3. Notes: JVASP-43020.
AlPt2,Metal,Non-Ferrous,Material Name: AlPt2. Category: Metal. Subcategory: Non-Ferrous. Formula: AlPt2. Density: 15.382 g/cm3. Notes: JVASP-98460.
SrIn,Metal,Non-Ferrous,Material Name: SrIn. Category: Metal. Subcategory: Non-Ferrous. Formula: SrIn. Density: 4.916 g/cm3. Notes: JVASP-98846.
Y6Fe16O,Ceramic,Oxide,Material Name: Y6Fe16O. Category: Ceramic. Subcategory: Oxide. Formula: Y6Fe16O. Density: 7.278 g/cm3. Notes: JVASP-98512.
Ca2RuO4,Ceramic,Oxide,Material Name: Ca2RuO4. Category: Ceramic. Subcategory: Oxide. Formula: Ca2RuO4. Density: 4.58 g/cm3. Notes: JVASP-97689.
Ba4VSb,Metal,Non-Ferrous,Material Name: Ba4VSb. Category: Metal. Subcategory: Non-Ferrous. Formula: Ba4VSb. Density: 5.017 g/cm3. Notes: JVASP-64125.
KBa4Os,Metal,Non-Ferrous,Material Name: KBa4Os. Category: Metal. Subcategory: Non-Ferrous. Formula: KBa4Os. Density: 5.264 g/cm3. Notes: JVASP-64769.
Ba4CoHg,Metal,Non-Ferrous,Material Name: Ba4CoHg. Category: Metal. Subcategory: Non-Ferrous. Formula: Ba4CoHg. Density: 5.741 g/cm3. Notes: JVASP-63951.
LiBeFe4,Metal,Ferrous,Material Name: LiBeFe4. Category: Metal. Subcategory: Ferrous. Formula: LiBeFe4. Density: 5.654 g/cm3. Notes: JVASP-64966.
Ba4ScHg,Metal,Non-Ferrous,Material Name: Ba4ScHg. Category: Metal. Subcategory: Non-Ferrous. Formula: Ba4ScHg. Density: 4.962 g/cm3. Notes: JVASP-64219.
Li3In2P3O12,Ceramic,Oxide,Material Name: Li3In2P3O12. Category: Ceramic. Subcategory: Oxide. Formula: Li3In2P3O12. Density: 3.765 g/cm3. Notes: JVASP-98195.
K2TcI6,Metal,Non-Ferrous,Material Name: K2TcI6. Category: Metal. Subcategory: Non-Ferrous. Formula: K2TcI6. Density: 4.513 g/cm3. Notes: JVASP-85286.
LuRu2,Metal,Non-Ferrous,Material Name: LuRu2. Category: Metal. Subcategory: Non-Ferrous. Formula: LuRu2. Density: 12.143 g/cm3. Notes: JVASP-86738.
Ce2Fe12P7,Ceramic,Mixed,Material Name: Ce2Fe12P7. Category: Ceramic. Subcategory: Mixed. Formula: Ce2Fe12P7. Density: 7.561 g/cm3. Notes: JVASP-89294.
Ba2VSi2O8,Ceramic,Oxide,Material Name: Ba2VSi2O8. Category: Ceramic. Subcategory: Oxide. Formula: Ba2VSi2O8. Density: 4.409 g/cm3. Notes: JVASP-97596.
Ba4HfSc,Metal,Non-Ferrous,Material Name: Ba4HfSc. Category: Metal. Subcategory: Non-Ferrous. Formula: Ba4HfSc. Density: 5.192 g/cm3. Notes: JVASP-63993.
Ba4BeBi,Metal,Non-Ferrous,Material Name: Ba4BeBi. Category: Metal. Subcategory: Non-Ferrous. Formula: Ba4BeBi. Density: 5.078 g/cm3. Notes: JVASP-64162.
Ba4MgSb,Metal,Non-Ferrous,Material Name: Ba4MgSb. Category: Metal. Subcategory: Non-Ferrous. Formula: Ba4MgSb. Density: 4.427 g/cm3. Notes: JVASP-64494.
K2PdSe10,Metal,Non-Ferrous,Material Name: K2PdSe10. Category: Metal. Subcategory: Non-Ferrous. Formula: K2PdSe10. Density: 4.114 g/cm3. Notes: JVASP-98376.
Ba4MgFe,Metal,Ferrous,Material Name: Ba4MgFe. Category: Metal. Subcategory: Ferrous. Formula: Ba4MgFe. Density: 4.167 g/cm3. Notes: JVASP-64080.
TmNiGe2,Metal,Non-Ferrous,Material Name: TmNiGe2. Category: Metal. Subcategory: Non-Ferrous. Formula: TmNiGe2. Density: 8.807 g/cm3. Notes: JVASP-90818.
BeFeBr4,Metal,Ferrous,Material Name: BeFeBr4. Category: Metal. Subcategory: Ferrous. Formula: BeFeBr4. Density: 3.719 g/cm3. Notes: JVASP-65088.
BeIrBr4,Metal,Non-Ferrous,Material Name: BeIrBr4. Category: Metal. Subcategory: Non-Ferrous. Formula: BeIrBr4. Density: 5.525 g/cm3. Notes: JVASP-64999.
Ba2YGa,Metal,Non-Ferrous,Material Name: Ba2YGa. Category: Metal. Subcategory: Non-Ferrous. Formula: Ba2YGa. Density: 4.888 g/cm3. Youngs Modulus: 28.659283387622143 GPa. Notes: JVASP-64704.
MgBe2Se,Metal,Non-Ferrous,Material Name: MgBe2Se. Category: Metal. Subcategory: Non-Ferrous. Formula: MgBe2Se. Density: 3.283 g/cm3. Notes: JVASP-65041.
Ba4CuP,Ceramic,Mixed,Material Name: Ba4CuP. Category: Ceramic. Subcategory: Mixed. Formula: Ba4CuP. Density: 4.668 g/cm3. Notes: JVASP-64039.
Ba4YSn,Metal,Non-Ferrous,Material Name: Ba4YSn. Category: Metal. Subcategory: Non-Ferrous. Formula: Ba4YSn. Density: 4.771 g/cm3. Youngs Modulus: -34.54878213451052 GPa. Notes: JVASP-64406.
BaY6Si3B6O24F2,Ceramic,Oxide,Material Name: BaY6Si3B6O24F2. Category: Ceramic. Subcategory: Oxide. Formula: BaY6Si3B6O24F2. Density: 4.438 g/cm3. Notes: JVASP-98057.
TmCu3Te3,Metal,Non-Ferrous,Material Name: TmCu3Te3. Category: Metal. Subcategory: Non-Ferrous. Formula: TmCu3Te3. Density: 7.355 g/cm3. Notes: JVASP-97515.
Be2BiIr,Metal,Non-Ferrous,Material Name: Be2BiIr. Category: Metal. Subcategory: Non-Ferrous. Formula: Be2BiIr. Density: 11.387 g/cm3. Notes: JVASP-64888.
CeB3O6,Ceramic,Oxide,Material Name: CeB3O6. Category: Ceramic. Subcategory: Oxide. Formula: CeB3O6. Density: 4.911 g/cm3. Notes: JVASP-97871.
HfBe2Rh,Metal,Non-Ferrous,Material Name: HfBe2Rh. Category: Metal. Subcategory: Non-Ferrous. Formula: HfBe2Rh. Density: 9.172 g/cm3. Notes: JVASP-64924.
Li3Co2O2F3,Ceramic,Oxide,Material Name: Li3Co2O2F3. Category: Ceramic. Subcategory: Oxide. Formula: Li3Co2O2F3. Density: 4.288 g/cm3. Notes: JVASP-107794.
MnPO4,Ceramic,Oxide,Material Name: MnPO4. Category: Ceramic. Subcategory: Oxide. Formula: MnPO4. Density: 3.735 g/cm3. Notes: JVASP-43763.
Ba4TlP,Ceramic,Mixed,Material Name: Ba4TlP. Category: Ceramic. Subcategory: Mixed. Formula: Ba4TlP. Density: 5.478 g/cm3. Notes: JVASP-63952.
Li3Fe3O4F4,Ceramic,Oxide,Material Name: Li3Fe3O4F4. Category: Ceramic. Subcategory: Oxide. Formula: Li3Fe3O4F4. Density: 4.244 g/cm3. Notes: JVASP-42423.
SiAs,Unknown,,Material Name: SiAs. Category: Unknown. Formula: SiAs. Density: 3.67 g/cm3. Youngs Modulus: 69.03583501661562 GPa. Notes: JVASP-4216.
BaCaCl,Ceramic,Mixed,Material Name: BaCaCl. Category: Ceramic. Subcategory: Mixed. Formula: BaCaCl. Density: 2.541 g/cm3. Notes: JVASP-64354.
NdAlPt,Metal,Non-Ferrous,Material Name: NdAlPt. Category: Metal. Subcategory: Non-Ferrous. Formula: NdAlPt. Density: 9.587 g/cm3. Notes: JVASP-86684.
Ba2HgBi,Metal,Non-Ferrous,Material Name: Ba2HgBi. Category: Metal. Subcategory: Non-Ferrous. Formula: Ba2HgBi. Density: 7.442 g/cm3. Notes: JVASP-64163.
Ba4TiTe,Metal,Non-Ferrous,Material Name: Ba4TiTe. Category: Metal. Subcategory: Non-Ferrous. Formula: Ba4TiTe. Density: 4.714 g/cm3. Notes: JVASP-64770.
MnS,Ceramic,Mixed,Material Name: MnS. Category: Ceramic. Subcategory: Mixed. Formula: MnS. Density: 3.266 g/cm3. Youngs Modulus: 46.75913982332471 GPa. Notes: JVASP-14938.
Ba4HfNb,Metal,Non-Ferrous,Material Name: Ba4HfNb. Category: Metal. Subcategory: Non-Ferrous. Formula: Ba4HfNb. Density: 6.195 g/cm3. Notes: JVASP-64081.
Ba4GeBr,Metal,Non-Ferrous,Material Name: Ba4GeBr. Category: Metal. Subcategory: Non-Ferrous. Formula: Ba4GeBr. Density: 4.808 g/cm3. Notes: JVASP-64220.
Ba4ZnCd,Metal,Non-Ferrous,Material Name: Ba4ZnCd. Category: Metal. Subcategory: Non-Ferrous. Formula: Ba4ZnCd. Density: 4.567 g/cm3. Notes: JVASP-64407.
Ba4MgCu,Metal,Non-Ferrous,Material Name: Ba4MgCu. Category: Metal. Subcategory: Non-Ferrous. Formula: Ba4MgCu. Density: 3.97 g/cm3. Notes: JVASP-64496.
Be2NbHg,Metal,Non-Ferrous,Material Name: Be2NbHg. Category: Metal. Subcategory: Non-Ferrous. Formula: Be2NbHg. Density: 9.073 g/cm3. Youngs Modulus: 36.24729651722147 GPa. Notes: JVASP-65122.
Ba4LiTc,Metal,Non-Ferrous,Material Name: Ba4LiTc. Category: Metal. Subcategory: Non-Ferrous. Formula: Ba4LiTc. Density: 4.616 g/cm3. Notes: JVASP-64126.
BeCoCl4,Ceramic,Mixed,Material Name: BeCoCl4. Category: Ceramic. Subcategory: Mixed. Formula: BeCoCl4. Density: 2.518 g/cm3. Notes: JVASP-65000.
Ba4ZrP,Ceramic,Mixed,Material Name: Ba4ZrP. Category: Ceramic. Subcategory: Mixed. Formula: Ba4ZrP. Density: 4.694 g/cm3. Notes: JVASP-63994.
ZnH6C2N4O4,Ceramic,Oxide,Material Name: ZnH6C2N4O4. Category: Ceramic. Subcategory: Oxide. Formula: ZnH6C2N4O4. Density: 2.515 g/cm3. Notes: JVASP-97938.
HgN6,Ceramic,Nitride,Material Name: HgN6. Category: Ceramic. Subcategory: Nitride. Formula: HgN6. Density: 4.518 g/cm3. Notes: JVASP-88170.
BeAlB,Ceramic,Boride,Material Name: BeAlB. Category: Ceramic. Subcategory: Boride. Formula: BeAlB. Density: 2.536 g/cm3. Youngs Modulus: 303.2762212876092 GPa. Notes: JVASP-15348.
Na2HgPb,Metal,Non-Ferrous,Material Name: Na2HgPb. Category: Metal. Subcategory: Non-Ferrous. Formula: Na2HgPb. Density: 6.559 g/cm3. Notes: JVASP-91616.
Ba4ZnSi,Ceramic,Mixed,Material Name: Ba4ZnSi. Category: Ceramic. Subcategory: Mixed. Formula: Ba4ZnSi. Density: 4.406 g/cm3. Notes: JVASP-64042.
MgRe2O8,Ceramic,Oxide,Material Name: MgRe2O8. Category: Ceramic. Subcategory: Oxide. Formula: MgRe2O8. Density: 4.91 g/cm3. Notes: JVASP-12050.
K4Rb2Co2O5,Ceramic,Oxide,Material Name: K4Rb2Co2O5. Category: Ceramic. Subcategory: Oxide. Formula: K4Rb2Co2O5. Density: 3.316 g/cm3. Notes: JVASP-88021.
Sm2TeO2,Ceramic,Oxide,Material Name: Sm2TeO2. Category: Ceramic. Subcategory: Oxide. Formula: Sm2TeO2. Density: 7.482 g/cm3. Notes: JVASP-3327.
Na4BeSi,Ceramic,Mixed,Material Name: Na4BeSi. Category: Ceramic. Subcategory: Mixed. Formula: Na4BeSi. Density: 1.511 g/cm3. Notes: JVASP-65089.
Ba4YBi,Metal,Non-Ferrous,Material Name: Ba4YBi. Category: Metal. Subcategory: Non-Ferrous. Formula: Ba4YBi. Density: 5.213 g/cm3. Notes: JVASP-64705.
Ba4RhBr,Metal,Non-Ferrous,Material Name: Ba4RhBr. Category: Metal. Subcategory: Non-Ferrous. Formula: Ba4RhBr. Density: 5.26 g/cm3. Notes: JVASP-63953.
SmZnNi,Metal,Superalloy,Material Name: SmZnNi. Category: Metal. Subcategory: Superalloy. Formula: SmZnNi. Density: 8.2 g/cm3. Notes: JVASP-90177.
LiMn2OF3,Ceramic,Oxide,Material Name: LiMn2OF3. Category: Ceramic. Subcategory: Oxide. Formula: LiMn2OF3. Density: 3.631 g/cm3. Youngs Modulus: 85.25399724206208 GPa. Notes: JVASP-48807.
SeBr6N2,Unknown,,Material Name: SeBr6N2. Category: Unknown. Formula: SeBr6N2. Density: 3.867 g/cm3. Notes: JVASP-90243.
USnPt,Metal,Non-Ferrous,Material Name: USnPt. Category: Metal. Subcategory: Non-Ferrous. Formula: USnPt. Density: 13.731 g/cm3. Notes: JVASP-90049.
LaNi2,Metal,Non-Ferrous,Material Name: LaNi2. Category: Metal. Subcategory: Non-Ferrous. Formula: LaNi2. Density: 8.453 g/cm3. Notes: JVASP-86382.
Mg7Bi,Metal,Non-Ferrous,Material Name: Mg7Bi. Category: Metal. Subcategory: Non-Ferrous. Formula: Mg7Bi. Density: 3.302 g/cm3. Notes: JVASP-91896.
NaMo3P3O16,Ceramic,Oxide,Material Name: NaMo3P3O16. Category: Ceramic. Subcategory: Oxide. Formula: NaMo3P3O16. Density: 3.649 g/cm3. Notes: JVASP-97399.
Li5Mn3Fe2O10,Ceramic,Oxide,Material Name: Li5Mn3Fe2O10. Category: Ceramic. Subcategory: Oxide. Formula: Li5Mn3Fe2O10. Density: 4.794 g/cm3. Notes: JVASP-48316.
MnNb2Zn2O8,Ceramic,Oxide,Material Name: MnNb2Zn2O8. Category: Ceramic. Subcategory: Oxide. Formula: MnNb2Zn2O8. Density: 5.775 g/cm3. Notes: JVASP-98856.
Ba4CdSi,Ceramic,Mixed,Material Name: Ba4CdSi. Category: Ceramic. Subcategory: Mixed. Formula: Ba4CdSi. Density: 4.682 g/cm3. Notes: JVASP-64165.
ErGa2Pd,Metal,Non-Ferrous,Material Name: ErGa2Pd. Category: Metal. Subcategory: Non-Ferrous. Formula: ErGa2Pd. Density: 9.421 g/cm3. Notes: JVASP-91570.
LaPPd,Ceramic,Mixed,Material Name: LaPPd. Category: Ceramic. Subcategory: Mixed. Formula: LaPPd. Density: 7.183 g/cm3. Youngs Modulus: 1.2713160100586756 GPa. Notes: JVASP-86451.
SmSb2Pd,Metal,Non-Ferrous,Material Name: SmSb2Pd. Category: Metal. Subcategory: Non-Ferrous. Formula: SmSb2Pd. Density: 8.518 g/cm3. Youngs Modulus: 34.87097384721266 GPa. Notes: JVASP-91801.
Sr2InPt2,Metal,Non-Ferrous,Material Name: Sr2InPt2. Category: Metal. Subcategory: Non-Ferrous. Formula: Sr2InPt2. Density: 8.898 g/cm3. Notes: JVASP-87922.
MnAlO3,Ceramic,Oxide,Material Name: MnAlO3. Category: Ceramic. Subcategory: Oxide. Formula: MnAlO3. Density: 3.243 g/cm3. Notes: JVASP-43051.
Eu,Metal,Non-Ferrous,Material Name: Eu. Category: Metal. Subcategory: Non-Ferrous. Formula: Eu. Density: 7.761 g/cm3. Youngs Modulus: 52.10529296875 GPa. Notes: JVASP-88846.
Ba4MnCo,Metal,Non-Ferrous,Material Name: Ba4MnCo. Category: Metal. Subcategory: Non-Ferrous. Formula: Ba4MnCo. Density: 4.784 g/cm3. Notes: JVASP-64082.
Ba4MnNi,Metal,Superalloy,Material Name: Ba4MnNi. Category: Metal. Subcategory: Superalloy. Formula: Ba4MnNi. Density: 4.866 g/cm3. Notes: JVASP-64356.
KBiP2Se6,Ceramic,Mixed,Material Name: KBiP2Se6. Category: Ceramic. Subcategory: Mixed. Formula: KBiP2Se6. Density: 4.716 g/cm3. Notes: JVASP-97642.
Bi5IO7,Ceramic,Oxide,Material Name: Bi5IO7. Category: Ceramic. Subcategory: Oxide. Formula: Bi5IO7. Density: 8.491 g/cm3. Notes: JVASP-98513.
Ba4TiHg,Metal,Non-Ferrous,Material Name: Ba4TiHg. Category: Metal. Subcategory: Non-Ferrous. Formula: Ba4TiHg. Density: 5.311 g/cm3. Notes: JVASP-64408.
Ba4GaSe,Metal,Non-Ferrous,Material Name: Ba4GaSe. Category: Metal. Subcategory: Non-Ferrous. Formula: Ba4GaSe. Density: 4.866 g/cm3. Notes: JVASP-64224.
MgBe2In,Metal,Non-Ferrous,Material Name: MgBe2In. Category: Metal. Subcategory: Non-Ferrous. Formula: MgBe2In. Density: 4.164 g/cm3. Youngs Modulus: 44.760507827235 GPa. Notes: JVASP-64296.
Ti3Cu3O,Ceramic,Oxide,Material Name: Ti3Cu3O. Category: Ceramic. Subcategory: Oxide. Formula: Ti3Cu3O. Density: 6.597 g/cm3. Notes: JVASP-97353.
Rb3IrN6O12,Ceramic,Oxide,Material Name: Rb3IrN6O12. Category: Ceramic. Subcategory: Oxide. Formula: Rb3IrN6O12. Density: 4.086 g/cm3. Notes: JVASP-98012.
Co2GeO4,Ceramic,Oxide,Material Name: Co2GeO4. Category: Ceramic. Subcategory: Oxide. Formula: Co2GeO4. Density: 5.825 g/cm3. Notes: JVASP-86605.
TiFeH2,Metal,Ferrous,Material Name: TiFeH2. Category: Metal. Subcategory: Ferrous. Formula: TiFeH2. Density: 5.758 g/cm3. Notes: JVASP-91661.
CeAl,Metal,Non-Ferrous,Material Name: CeAl. Category: Metal. Subcategory: Non-Ferrous. Formula: CeAl. Density: 5.942 g/cm3. Notes: JVASP-92206.
Ba4LiCo,Metal,Non-Ferrous,Material Name: Ba4LiCo. Category: Metal. Subcategory: Non-Ferrous. Formula: Ba4LiCo. Density: 4.026 g/cm3. Notes: JVASP-64497.
Ba4NbTc,Metal,Non-Ferrous,Material Name: Ba4NbTc. Category: Metal. Subcategory: Non-Ferrous. Formula: Ba4NbTc. Density: 5.368 g/cm3. Notes: JVASP-64043.
NdPt,Metal,Non-Ferrous,Material Name: NdPt. Category: Metal. Subcategory: Non-Ferrous. Formula: NdPt. Density: 11.61 g/cm3. Notes: JVASP-90863.
Ba4HfGa,Metal,Non-Ferrous,Material Name: Ba4HfGa. Category: Metal. Subcategory: Non-Ferrous. Formula: Ba4HfGa. Density: 5.396 g/cm3. Notes: JVASP-63995.
BeFe4Ir,Metal,Ferrous,Material Name: BeFe4Ir. Category: Metal. Subcategory: Ferrous. Formula: BeFe4Ir. Density: 9.907 g/cm3. Notes: JVASP-65001.
Li5TiV3O8,Ceramic,Oxide,Material Name: Li5TiV3O8. Category: Ceramic. Subcategory: Oxide. Formula: Li5TiV3O8. Density: 3.916 g/cm3. Notes: JVASP-48396.
LiMnPd2,Metal,Non-Ferrous,Material Name: LiMnPd2. Category: Metal. Subcategory: Non-Ferrous. Formula: LiMnPd2. Density: 8.054 g/cm3. Youngs Modulus: 124.04405810210432 GPa. Notes: JVASP-42891.
Ba4BiBr,Metal,Non-Ferrous,Material Name: Ba4BiBr. Category: Metal. Subcategory: Non-Ferrous. Formula: Ba4BiBr. Density: 5.457 g/cm3. Youngs Modulus: -11.573555816686252 GPa. Notes: JVASP-64636.
Th2Ag,Metal,Non-Ferrous,Material Name: Th2Ag. Category: Metal. Subcategory: Non-Ferrous. Formula: Th2Ag. Density: 11.163 g/cm3. Notes: JVASP-85867.
HoB7Mo3,Ceramic,Boride,Material Name: HoB7Mo3. Category: Ceramic. Subcategory: Boride. Formula: HoB7Mo3. Density: 7.96 g/cm3. Notes: JVASP-98746.
Ba4MgCo,Metal,Non-Ferrous,Material Name: Ba4MgCo. Category: Metal. Subcategory: Non-Ferrous. Formula: Ba4MgCo. Density: 4.242 g/cm3. Youngs Modulus: -4.096551724137932 GPa. Notes: JVASP-64566.
DyMn2O5,Ceramic,Oxide,Material Name: DyMn2O5. Category: Ceramic. Subcategory: Oxide. Formula: DyMn2O5. Density: 6.713 g/cm3. Notes: JVASP-97691.
ZnFeO3,Ceramic,Oxide,Material Name: ZnFeO3. Category: Ceramic. Subcategory: Oxide. Formula: ZnFeO3. Density: 5.751 g/cm3. Notes: JVASP-46371.
Ba4HgSe,Metal,Non-Ferrous,Material Name: Ba4HgSe. Category: Metal. Subcategory: Non-Ferrous. Formula: Ba4HgSe. Density: 5.624 g/cm3. Notes: JVASP-64170.
Hydrogen,Ceramic,Elemental,Material Name: Hydrogen. Category: Ceramic. Subcategory: Elemental. Formula: H. Density: 0.08988 g/cm3. Melting Point: 13.99 °C. Boiling Point: 20.271. Notes: Scraped from public GitHub dataset.
Helium,Ceramic,Elemental,Material Name: Helium. Category: Ceramic. Subcategory: Elemental. Formula: He. Density: 0.1786 g/cm3. Melting Point: 0.95 °C. Boiling Point: 4.222. Notes: Scraped from public GitHub dataset.
Boron,Ceramic,Elemental,Material Name: Boron. Category: Ceramic. Subcategory: Elemental. Formula: B. Density: 2.08 g/cm3. Melting Point: 2349.0 °C. Boiling Point: 4200.0. Notes: Scraped from public GitHub dataset.
Oxygen,Ceramic,Elemental,Material Name: Oxygen. Category: Ceramic. Subcategory: Elemental. Formula: O. Density: 1.429 g/cm3. Melting Point: 54.36 °C. Boiling Point: 90.188. Notes: Scraped from public GitHub dataset.
Fluorine,Ceramic,Elemental,Material Name: Fluorine. Category: Ceramic. Subcategory: Elemental. Formula: F. Density: 1.696 g/cm3. Melting Point: 53.48 °C. Boiling Point: 85.03. Notes: Scraped from public GitHub dataset.
Neon,Ceramic,Elemental,Material Name: Neon. Category: Ceramic. Subcategory: Elemental. Formula: Ne. Density: 0.9002 g/cm3. Melting Point: 24.56 °C. Boiling Point: 27.104. Notes: Scraped from public GitHub dataset.
Sulfur,Ceramic,Elemental,Material Name: Sulfur. Category: Ceramic. Subcategory: Elemental. Formula: S. Density: 2.07 g/cm3. Melting Point: 388.36 °C. Boiling Point: 717.8. Notes: Scraped from public GitHub dataset.
Chlorine,Ceramic,Elemental,Material Name: Chlorine. Category: Ceramic. Subcategory: Elemental. Formula: Cl. Density: 3.2 g/cm3. Melting Point: 171.6 °C. Boiling Point: 239.11. Notes: Scraped from public GitHub dataset.
Argon,Ceramic,Elemental,Material Name: Argon. Category: Ceramic. Subcategory: Elemental. Formula: Ar. Density: 1.784 g/cm3. Melting Point: 83.81 °C. Boiling Point: 87.302. Notes: Scraped from public GitHub dataset.
Potassium,Metal,Non-Ferrous,Material Name: Potassium. Category: Metal. Subcategory: Non-Ferrous. Formula: K. Density: 0.862 g/cm3. Melting Point: 336.7 °C. Boiling Point: 1032.0. Notes: Scraped from public GitHub dataset.
Calcium,Metal,Non-Ferrous,Material Name: Calcium. Category: Metal. Subcategory: Non-Ferrous. Formula: Ca. Density: 1.55 g/cm3. Melting Point: 1115.0 °C. Boiling Point: 1757.0. Notes: Scraped from public GitHub dataset.
Scandium,Metal,Non-Ferrous,Material Name: Scandium. Category: Metal. Subcategory: Non-Ferrous. Formula: Sc. Density: 2.985 g/cm3. Melting Point: 1814.0 °C. Boiling Point: 3109.0. Notes: Scraped from public GitHub dataset.
Arsenic,Ceramic,Elemental,Material Name: Arsenic. Category: Ceramic. Subcategory: Elemental. Formula: As. Density: 5.727 g/cm3. Notes: Scraped from public GitHub dataset.
Bromine,Ceramic,Elemental,Material Name: Bromine. Category: Ceramic. Subcategory: Elemental. Formula: Br. Density: 3.1028 g/cm3. Melting Point: 265.8 °C. Boiling Point: 332.0. Notes: Scraped from public GitHub dataset.
Krypton,Ceramic,Elemental,Material Name: Krypton. Category: Ceramic. Subcategory: Elemental. Formula: Kr. Density: 3.749 g/cm3. Melting Point: 115.78 °C. Boiling Point: 119.93. Notes: Scraped from public GitHub dataset.
Rubidium,Metal,Non-Ferrous,Material Name: Rubidium. Category: Metal. Subcategory: Non-Ferrous. Formula: Rb. Density: 1.532 g/cm3. Melting Point: 312.45 °C. Boiling Point: 961.0. Notes: Scraped from public GitHub dataset.
Rhodium,Metal,Non-Ferrous,Material Name: Rhodium. Category: Metal. Subcategory: Non-Ferrous. Formula: Rh. Density: 12.41 g/cm3. Melting Point: 2237.0 °C. Boiling Point: 3968.0. Notes: Scraped from public GitHub dataset.
Cadmium,Metal,Non-Ferrous,Material Name: Cadmium. Category: Metal. Subcategory: Non-Ferrous. Formula: Cd. Density: 8.65 g/cm3. Melting Point: 594.22 °C. Boiling Point: 1040.0. Notes: Scraped from public GitHub dataset.
Indium,Metal,Non-Ferrous,Material Name: Indium. Category: Metal. Subcategory: Non-Ferrous. Formula: In. Density: 7.31 g/cm3. Melting Point: 429.7485 °C. Boiling Point: 2345.0. Notes: Scraped from public GitHub dataset.
Tellurium,Ceramic,Elemental,Material Name: Tellurium. Category: Ceramic. Subcategory: Elemental. Formula: Te. Density: 6.24 g/cm3. Melting Point: 722.66 °C. Boiling Point: 1261.0. Notes: Scraped from public GitHub dataset.
Iodine,Ceramic,Elemental,Material Name: Iodine. Category: Ceramic. Subcategory: Elemental. Formula: I. Density: 4.933 g/cm3. Melting Point: 386.85 °C. Boiling Point: 457.4. Notes: Scraped from public GitHub dataset.
Cesium,Metal,Non-Ferrous,Material Name: Cesium. Category: Metal. Subcategory: Non-Ferrous. Formula: Cs. Density: 1.93 g/cm3. Melting Point: 301.7 °C. Boiling Point: 944.0. Notes: Scraped from public GitHub dataset.
Barium,Metal,Non-Ferrous,Material Name: Barium. Category: Metal. Subcategory: Non-Ferrous. Formula: Ba. Density: 3.51 g/cm3. Melting Point: 1000.0 °C. Boiling Point: 2118.0. Notes: Scraped from public GitHub dataset.
Lanthanum,Metal,Non-Ferrous,Material Name: Lanthanum. Category: Metal. Subcategory: Non-Ferrous. Formula: La. Density: 6.162 g/cm3. Melting Point: 1193.0 °C. Boiling Point: 3737.0. Notes: Scraped from public GitHub dataset.
Cerium,Metal,Non-Ferrous,Material Name: Cerium. Category: Metal. Subcategory: Non-Ferrous. Formula: Ce. Density: 6.77 g/cm3. Melting Point: 1068.0 °C. Boiling Point: 3716.0. Notes: Scraped from public GitHub dataset.
Neodymium,Metal,Non-Ferrous,Material Name: Neodymium. Category: Metal. Subcategory: Non-Ferrous. Formula: Nd. Density: 7.01 g/cm3. Melting Point: 1297.0 °C. Boiling Point: 3347.0. Notes: Scraped from public GitHub dataset.
Promethium,Metal,Non-Ferrous,Material Name: Promethium. Category: Metal. Subcategory: Non-Ferrous. Formula: Pm. Density: 7.26 g/cm3. Melting Point: 1315.0 °C. Boiling Point: 3273.0. Notes: Scraped from public GitHub dataset.
Samarium,Metal,Non-Ferrous,Material Name: Samarium. Category: Metal. Subcategory: Non-Ferrous. Formula: Sm. Density: 7.52 g/cm3. Melting Point: 1345.0 °C. Boiling Point: 2173.0. Notes: Scraped from public GitHub dataset.
Gadolinium,Metal,Non-Ferrous,Material Name: Gadolinium. Category: Metal. Subcategory: Non-Ferrous. Formula: Gd. Density: 7.9 g/cm3. Melting Point: 1585.0 °C. Boiling Point: 3273.0. Notes: Scraped from public GitHub dataset.
Terbium,Metal,Non-Ferrous,Material Name: Terbium. Category: Metal. Subcategory: Non-Ferrous. Formula: Tb. Density: 8.23 g/cm3. Melting Point: 1629.0 °C. Boiling Point: 3396.0. Notes: Scraped from public GitHub dataset.
Dysprosium,Metal,Non-Ferrous,Material Name: Dysprosium. Category: Metal. Subcategory: Non-Ferrous. Formula: Dy. Density: 8.54 g/cm3. Melting Point: 1680.0 °C. Boiling Point: 2840.0. Notes: Scraped from public GitHub dataset.
Holmium,Metal,Non-Ferrous,Material Name: Holmium. Category: Metal. Subcategory: Non-Ferrous. Formula: Ho. Density: 8.79 g/cm3. Melting Point: 1734.0 °C. Boiling Point: 2873.0. Notes: Scraped from public GitHub dataset.
Thulium,Metal,Non-Ferrous,Material Name: Thulium. Category: Metal. Subcategory: Non-Ferrous. Formula: Tm. Density: 9.32 g/cm3. Melting Point: 1818.0 °C. Boiling Point: 2223.0. Notes: Scraped from public GitHub dataset.
Lutetium,Metal,Non-Ferrous,Material Name: Lutetium. Category: Metal. Subcategory: Non-Ferrous. Formula: Lu. Density: 9.841 g/cm3. Melting Point: 1925.0 °C. Boiling Point: 3675.0. Notes: Scraped from public GitHub dataset.
Osmium,Metal,Non-Ferrous,Material Name: Osmium. Category: Metal. Subcategory: Non-Ferrous. Formula: Os. Density: 22.59 g/cm3. Melting Point: 3306.0 °C. Boiling Point: 5285.0. Notes: Scraped from public GitHub dataset.
Iridium,Metal,Non-Ferrous,Material Name: Iridium. Category: Metal. Subcategory: Non-Ferrous. Formula: Ir. Density: 22.56 g/cm3. Melting Point: 2719.0 °C. Boiling Point: 4403.0. Notes: Scraped from public GitHub dataset.
Mercury,Metal,Non-Ferrous,Material Name: Mercury. Category: Metal. Subcategory: Non-Ferrous. Formula: Hg. Density: 13.534 g/cm3. Melting Point: 234.321 °C. Boiling Point: 629.88. Notes: Scraped from public GitHub dataset.
Thallium,Metal,Non-Ferrous,Material Name: Thallium. Category: Metal. Subcategory: Non-Ferrous. Formula: Tl. Density: 11.85 g/cm3. Melting Point: 577.0 °C. Boiling Point: 1746.0. Notes: Scraped from public GitHub dataset.
Bismuth,Metal,Non-Ferrous,Material Name: Bismuth. Category: Metal. Subcategory: Non-Ferrous. Formula: Bi. Density: 9.78 g/cm3. Melting Point: 544.7 °C. Boiling Point: 1837.0. Notes: Scraped from public GitHub dataset.
Polonium,Ceramic,Elemental,Material Name: Polonium. Category: Ceramic. Subcategory: Elemental. Formula: Po. Density: 9.196 g/cm3. Melting Point: 527.0 °C. Boiling Point: 1235.0. Notes: Scraped from public GitHub dataset.
Astatine,Ceramic,Elemental,Material Name: Astatine. Category: Ceramic. Subcategory: Elemental. Formula: At. Density: 6.35 g/cm3. Melting Point: 575.0 °C. Boiling Point: 610.0. Notes: Scraped from public GitHub dataset.
Radon,Ceramic,Elemental,Material Name: Radon. Category: Ceramic. Subcategory: Elemental. Formula: Rn. Density: 9.73 g/cm3. Melting Point: 202.0 °C. Boiling Point: 211.5. Notes: Scraped from public GitHub dataset.
Francium,Ceramic,Elemental,Material Name: Francium. Category: Ceramic. Subcategory: Elemental. Formula: Fr. Density: 1.87 g/cm3. Melting Point: 300.0 °C. Boiling Point: 950.0. Notes: Scraped from public GitHub dataset.
Radium,Ceramic,Elemental,Material Name: Radium. Category: Ceramic. Subcategory: Elemental. Formula: Ra. Density: 5.5 g/cm3. Melting Point: 1233.0 °C. Boiling Point: 2010.0. Notes: Scraped from public GitHub dataset.
Actinium,Ceramic,Elemental,Material Name: Actinium. Category: Ceramic. Subcategory: Elemental. Formula: Ac. Density: 10.0 g/cm3. Melting Point: 1500.0 °C. Boiling Point: 3500.0. Notes: Scraped from public GitHub dataset.
Thorium,Ceramic,Elemental,Material Name: Thorium. Category: Ceramic. Subcategory: Elemental. Formula: Th. Density: 11.724 g/cm3. Melting Point: 2023.0 °C. Boiling Point: 5061.0. Notes: Scraped from public GitHub dataset.
Protactinium,Ceramic,Elemental,Material Name: Protactinium. Category: Ceramic. Subcategory: Elemental. Formula: Pa. Density: 15.37 g/cm3. Melting Point: 1841.0 °C. Boiling Point: 4300.0. Notes: Scraped from public GitHub dataset.
Uranium,Ceramic,Elemental,Material Name: Uranium. Category: Ceramic. Subcategory: Elemental. Formula: U. Density: 19.1 g/cm3. Melting Point: 1405.3 °C. Boiling Point: 4404.0. Notes: Scraped from public GitHub dataset.
Neptunium,Ceramic,Elemental,Material Name: Neptunium. Category: Ceramic. Subcategory: Elemental. Formula: Np. Density: 20.45 g/cm3. Melting Point: 912.0 °C. Boiling Point: 4447.0. Notes: Scraped from public GitHub dataset.
Plutonium,Ceramic,Elemental,Material Name: Plutonium. Category: Ceramic. Subcategory: Elemental. Formula: Pu. Density: 19.816 g/cm3. Melting Point: 912.5 °C. Boiling Point: 3505.0. Notes: Scraped from public GitHub dataset.
Americium,Ceramic,Elemental,Material Name: Americium. Category: Ceramic. Subcategory: Elemental. Formula: Am. Density: 12.0 g/cm3. Melting Point: 1449.0 °C. Boiling Point: 2880.0. Notes: Scraped from public GitHub dataset.
Curium,Ceramic,Elemental,Material Name: Curium. Category: Ceramic. Subcategory: Elemental. Formula: Cm. Density: 13.51 g/cm3. Melting Point: 1613.0 °C. Boiling Point: 3383.0. Notes: Scraped from public GitHub dataset.
Berkelium,Ceramic,Elemental,Material Name: Berkelium. Category: Ceramic. Subcategory: Elemental. Formula: Bk. Density: 14.78 g/cm3. Melting Point: 1259.0 °C. Boiling Point: 2900.0. Notes: Scraped from public GitHub dataset.
Californium,Ceramic,Elemental,Material Name: Californium. Category: Ceramic. Subcategory: Elemental. Formula: Cf. Density: 15.1 g/cm3. Melting Point: 1173.0 °C. Boiling Point: 1743.0. Notes: Scraped from public GitHub dataset.
Einsteinium,Ceramic,Elemental,Material Name: Einsteinium. Category: Ceramic. Subcategory: Elemental. Formula: Es. Density: 8.84 g/cm3. Melting Point: 1133.0 °C. Boiling Point: 1269.0. Notes: Scraped from public GitHub dataset.
Fermium,Ceramic,Elemental,Material Name: Fermium. Category: Ceramic. Subcategory: Elemental. Formula: Fm. Melting Point: 1800.0 °C. Notes: Scraped from public GitHub dataset.
Mendelevium,Ceramic,Elemental,Material Name: Mendelevium. Category: Ceramic. Subcategory: Elemental. Formula: Md. Melting Point: 1100.0 °C. Notes: Scraped from public GitHub dataset.
Nobelium,Ceramic,Elemental,Material Name: Nobelium. Category: Ceramic. Subcategory: Elemental. Formula: No. Melting Point: 1100.0 °C. Notes: Scraped from public GitHub dataset.
Lawrencium,Ceramic,Elemental,Material Name: Lawrencium. Category: Ceramic. Subcategory: Elemental. Formula: Lr. Melting Point: 1900.0 °C. Notes: Scraped from public GitHub dataset.
Rutherfordium,Ceramic,Elemental,Material Name: Rutherfordium. Category: Ceramic. Subcategory: Elemental. Formula: Rf. Density: 23.2 g/cm3. Melting Point: 2400.0 °C. Boiling Point: 5800.0. Notes: Scraped from public GitHub dataset.
Dubnium,Ceramic,Elemental,Material Name: Dubnium. Category: Ceramic. Subcategory: Elemental. Formula: Db. Density: 29.3 g/cm3. Notes: Scraped from public GitHub dataset.
Seaborgium,Ceramic,Elemental,Material Name: Seaborgium. Category: Ceramic. Subcategory: Elemental. Formula: Sg. Density: 35.0 g/cm3. Notes: Scraped from public GitHub dataset.
Bohrium,Ceramic,Elemental,Material Name: Bohrium. Category: Ceramic. Subcategory: Elemental. Formula: Bh. Density: 37.1 g/cm3. Notes: Scraped from public GitHub dataset.
Hassium,Ceramic,Elemental,Material Name: Hassium. Category: Ceramic. Subcategory: Elemental. Formula: Hs. Density: 40.7 g/cm3. Melting Point: 126.0 °C. Notes: Scraped from public GitHub dataset.
Meitnerium,Ceramic,Elemental,Material Name: Meitnerium. Category: Ceramic. Subcategory: Elemental. Formula: Mt. Density: 37.4 g/cm3. Notes: Scraped from public GitHub dataset.
Darmstadtium,Ceramic,Elemental,Material Name: Darmstadtium. Category: Ceramic. Subcategory: Elemental. Formula: Ds. Density: 34.8 g/cm3. Notes: Scraped from public GitHub dataset.
Roentgenium,Ceramic,Elemental,Material Name: Roentgenium. Category: Ceramic. Subcategory: Elemental. Formula: Rg. Density: 28.7 g/cm3. Notes: Scraped from public GitHub dataset.
Copernicium,Ceramic,Elemental,Material Name: Copernicium. Category: Ceramic. Subcategory: Elemental. Formula: Cn. Density: 14.0 g/cm3. Boiling Point: 3570.0. Notes: Scraped from public GitHub dataset.
Nihonium,Ceramic,Elemental,Material Name: Nihonium. Category: Ceramic. Subcategory: Elemental. Formula: Nh. Density: 16.0 g/cm3. Melting Point: 700.0 °C. Boiling Point: 1430.0. Notes: Scraped from public GitHub dataset.
Flerovium,Ceramic,Elemental,Material Name: Flerovium. Category: Ceramic. Subcategory: Elemental. Formula: Fl. Density: 14.0 g/cm3. Melting Point: 340.0 °C. Boiling Point: 420.0. Notes: Scraped from public GitHub dataset.
Moscovium,Ceramic,Elemental,Material Name: Moscovium. Category: Ceramic. Subcategory: Elemental. Formula: Mc. Density: 13.5 g/cm3. Melting Point: 670.0 °C. Boiling Point: 1400.0. Notes: Scraped from public GitHub dataset.
Livermorium,Ceramic,Elemental,Material Name: Livermorium. Category: Ceramic. Subcategory: Elemental. Formula: Lv. Density: 12.9 g/cm3. Melting Point: 709.0 °C. Boiling Point: 1085.0. Notes: Scraped from public GitHub dataset.
Tennessine,Ceramic,Elemental,Material Name: Tennessine. Category: Ceramic. Subcategory: Elemental. Formula: Ts. Density: 7.17 g/cm3. Melting Point: 723.0 °C. Boiling Point: 883.0. Notes: Scraped from public GitHub dataset.
Oganesson,Ceramic,Elemental,Material Name: Oganesson. Category: Ceramic. Subcategory: Elemental. Formula: Og. Density: 4.95 g/cm3. Boiling Point: 350.0. Notes: Scraped from public GitHub dataset.
Ununennium,Ceramic,Elemental,Material Name: Ununennium. Category: Ceramic. Subcategory: Elemental. Formula: Uue. Density: 3.0 g/cm3. Boiling Point: 630.0. Notes: Scraped from public GitHub dataset.
PLA,Polymer,Thermoplastic,Material Name: PLA. Category: Polymer. Subcategory: Thermoplastic. Formula: C3H4O2. Density: 1.24 g/cm3. Melting Point: 453.0 °C. Thermal Conductivity: 0.16 W/m·K. Thermal Expansion: 68.0. Yield Strength: 40.0 MPa. Tensile Strength: 50.0 MPa. Youngs Modulus: 2.7 GPa. Glass Transition Temp: 333.15 °C. Heat Deflection Temp: 328.15 °C. Processing Temp Min C: 463.15. Processing Temp Max C: 220.0. Crystallinity: 10.0.
PETG,Polymer,Thermoplastic,Material Name: PETG. Category: Polymer. Subcategory: Thermoplastic. Formula: C3H4O2. Density: 1.27 g/cm3. Melting Point: 505.0 °C. Thermal Conductivity: 0.19 W/m·K. Thermal Expansion: 71.0. Yield Strength: 35.0 MPa. Tensile Strength: 60.0 MPa. Youngs Modulus: 2.1 GPa. Glass Transition Temp: 353.15 °C. Heat Deflection Temp: 343.15 °C. Processing Temp Min C: 230.0. Processing Temp Max C: 260.0. Crystallinity: 0.0.
ABS,Polymer,Thermoplastic,Material Name: ABS. Category: Polymer. Subcategory: Thermoplastic. Formula: C4H6N. Density: 1.05 g/cm3. Melting Point: 513.0 °C. Thermal Conductivity: 0.22 W/m·K. Thermal Expansion: 105.0. Yield Strength: 25.0 MPa. Tensile Strength: 70.0 MPa. Youngs Modulus: 2.3 GPa. Glass Transition Temp: 378.15 °C. Heat Deflection Temp: 368.15 °C. Processing Temp Min C: 230.0. Processing Temp Max C: 260.0. Crystallinity: 0.0.
Polystyrene PS,Polymer,Thermoplastic,Material Name: Polystyrene PS. Category: Polymer. Subcategory: Thermoplastic. Formula: C8H8. Density: 1.05 g/cm3. Melting Point: 513.0 °C. Thermal Conductivity: 0.13 W/m·K. Thermal Expansion: 103.0. Yield Strength: 35.0 MPa. Tensile Strength: 50.0 MPa. Youngs Modulus: 3.3 GPa. Glass Transition Temp: 373.15 °C. Heat Deflection Temp: 363.15 °C. Processing Temp Min C: 200.0. Processing Temp Max C: 240.0. Crystallinity: 0.0.
PET Polyester,Polymer,Thermoplastic,Material Name: PET Polyester. Category: Polymer. Subcategory: Thermoplastic. Formula: C10H8O4. Density: 1.38 g/cm3. Melting Point: 523.0 °C. Thermal Conductivity: 0.3 W/m·K. Thermal Expansion: 108.0. Yield Strength: 50.0 MPa. Tensile Strength: 80.0 MPa. Youngs Modulus: 2.7 GPa. Glass Transition Temp: 342.15 °C. Heat Deflection Temp: 353.15 °C. Processing Temp Min C: 250.0. Processing Temp Max C: 290.0. Crystallinity: 20.0.
Epoxy Resin,Polymer,Thermoset,Material Name: Epoxy Resin. Category: Polymer. Subcategory: Thermoset. Formula: C21H25ClN2O5. Density: 1.2 g/cm3. Melting Point: 473.0 °C. Thermal Conductivity: 0.2 W/m·K. Thermal Expansion: 1200.0. Yield Strength: 50.0 MPa. Tensile Strength: 80.0 MPa. Youngs Modulus: 3.0 GPa. Glass Transition Temp: 453.15 °C. Processing Temp Min C: 200.0. Processing Temp Max C: 250.0. Crystallinity: 100.0.
Carbon Fiber (unconstrained),Composite,Fiber,Material Name: Carbon Fiber (unconstrained). Category: Composite. Subcategory: Fiber. Formula: C. Density: 1.6 g/cm3. Thermal Conductivity: 160.0 W/m·K. Thermal Expansion: 1.0. Tensile Strength: 3500.0 MPa. Youngs Modulus: 230.0 GPa. Crystallinity: 60.0. Fiber Volume Fraction: 3.0.
CFRP Unidirectional (60%),Composite,PMC,Material Name: CFRP Unidirectional (60%). Category: Composite. Subcategory: PMC. Formula: C/Epoxy. Density: 1.55 g/cm3. Thermal Conductivity: 5.0 W/m·K. Thermal Expansion: 0.5. Tensile Strength: 1500.0 MPa. Youngs Modulus: 135.0 GPa. Processing Temp Min C: 230.0. Processing Temp Max C: 280.0. Fracture Toughness: 80.0. Interlaminar Shear Strength: 60.0. Fiber Volume Fraction: 60.0.
GFRP Woven (50%),Composite,FRP,Material Name: GFRP Woven (50%). Category: Composite. Subcategory: FRP. Formula: SiO2/Epoxy. Density: 1.8 g/cm3. Thermal Conductivity: 0.35 W/m·K. Thermal Expansion: 11.0. Tensile Strength: 900.0 MPa. Youngs Modulus: 40.0 GPa. Processing Temp Min C: 220.0. Processing Temp Max C: 270.0. Fracture Toughness: 45.0. Interlaminar Shear Strength: 50.0. Fiber Volume Fraction: 50.0.
Carbon/PEEK (40%),Composite,PMC,Material Name: Carbon/PEEK (40%). Category: Composite. Subcategory: PMC. Formula: C/PEEK. Density: 1.45 g/cm3. Thermal Conductivity: 12.0 W/m·K. Thermal Expansion: 2.0. Tensile Strength: 850.0 MPa. Youngs Modulus: 120.0 GPa. Processing Temp Min C: 300.0. Processing Temp Max C: 350.0. Fracture Toughness: 120.0. Interlaminar Shear Strength: 55.0. Fiber Volume Fraction: 40.0.
Glass/Epoxy Laminate,Composite,Laminate,Material Name: Glass/Epoxy Laminate. Category: Composite. Subcategory: Laminate. Formula: SiO2/Epoxy. Density: 1.9 g/cm3. Thermal Conductivity: 1.4 W/m·K. Thermal Expansion: 12.0. Tensile Strength: 600.0 MPa. Youngs Modulus: 38.0 GPa. Processing Temp Min C: 250.0. Processing Temp Max C: 300.0. Fracture Toughness: 35.0. Interlaminar Shear Strength: 45.0. Fiber Volume Fraction: 50.0.
6061-T6 Aluminum Alloy,Metal,Aluminum Alloy,Material Name: 6061-T6 Aluminum Alloy. Category: Metal. Subcategory: Aluminum Alloy. Formula: AlL. Density: 2.7 g/cm3. Melting Point: 933.0 °C. Thermal Conductivity: 167.0 W/m·K. Specific Heat: 897.0. Thermal Expansion: 23.6. Yield Strength: 275.0 MPa. Tensile Strength: 310.0 MPa. Youngs Modulus: 69.0 GPa. Hardness Vickers: 95.0. Processing Temp Min C: 220.0. Processing Temp Max C: 250.0. Fracture Toughness: 2.5.
7075-T6 Aluminum Alloy,Metal,Aluminum Alloy,Material Name: 7075-T6 Aluminum Alloy. Category: Metal. Subcategory: Aluminum Alloy. Formula: AlZn. Density: 2.81 g/cm3. Melting Point: 778.0 °C. Thermal Conductivity: 130.0 W/m·K. Specific Heat: 960.0. Thermal Expansion: 23.4. Yield Strength: 505.0 MPa. Tensile Strength: 570.0 MPa. Youngs Modulus: 72.0 GPa. Hardness Vickers: 150.0. Processing Temp Min C: 240.0. Processing Temp Max C: 290.0. Fracture Toughness: 2.8.
2024-T4 Aluminum Alloy,Metal,Aluminum Alloy,Material Name: 2024-T4 Aluminum Alloy. Category: Metal. Subcategory: Aluminum Alloy. Formula: AlCu. Density: 2.78 g/cm3. Melting Point: 775.0 °C. Thermal Conductivity: 121.0 W/m·K. Specific Heat: 875.0. Thermal Expansion: 23.5. Yield Strength: 325.0 MPa. Tensile Strength: 470.0 MPa. Youngs Modulus: 73.0 GPa. Hardness Vickers: 120.0. Processing Temp Min C: 230.0. Processing Temp Max C: 280.0. Fracture Toughness: 2.6.
316 Stainless Steel,Metal,Stainless Steel,Material Name: 316 Stainless Steel. Category: Metal. Subcategory: Stainless Steel. Formula: FeCrNi. Density: 8.0 g/cm3. Melting Point: 1673.0 °C. Thermal Conductivity: 16.3 W/m·K. Specific Heat: 500.0. Thermal Expansion: 15.9. Yield Strength: 170.0 MPa. Tensile Strength: 515.0 MPa. Youngs Modulus: 193.0 GPa. Hardness Vickers: 217.0. Processing Temp Min C: 600.0. Processing Temp Max C: 800.0. Fracture Toughness: 50.0.
304 Stainless Steel,Metal,Stainless Steel,Material Name: 304 Stainless Steel. Category: Metal. Subcategory: Stainless Steel. Formula: FeCrNi. Density: 8.0 g/cm3. Melting Point: 1673.0 °C. Thermal Conductivity: 16.3 W/m·K. Specific Heat: 500.0. Thermal Expansion: 15.8. Yield Strength: 205.0 MPa. Tensile Strength: 530.0 MPa. Youngs Modulus: 193.0 GPa. Hardness Vickers: 217.0. Processing Temp Min C: 600.0. Processing Temp Max C: 800.0. Fracture Toughness: 45.0.
410 Stainless Steel,Metal,Stainless Steel,Material Name: 410 Stainless Steel. Category: Metal. Subcategory: Stainless Steel. Formula: FeCr. Density: 7.75 g/cm3. Melting Point: 1760.0 °C. Thermal Conductivity: 24.8 W/m·K. Specific Heat: 460.0. Thermal Expansion: 10.8. Yield Strength: 240.0 MPa. Tensile Strength: 620.0 MPa. Youngs Modulus: 200.0 GPa. Hardness Vickers: 221.0. Processing Temp Min C: 700.0. Processing Temp Max C: 950.0. Fracture Toughness: 35.0.
Titanium Grade 2,Metal,Titanium,Material Name: Titanium Grade 2. Category: Metal. Subcategory: Titanium. Formula: Ti. Density: 4.51 g/cm3. Melting Point: 1941.0 °C. Thermal Conductivity: 21.9 W/m·K. Specific Heat: 520.0. Thermal Expansion: 8.6. Yield Strength: 345.0 MPa. Tensile Strength: 435.0 MPa. Youngs Modulus: 116.0 GPa. Hardness Vickers: 250.0. Processing Temp Min C: 800.0. Processing Temp Max C: 1000.0. Fracture Toughness: 3.5.
Ti-6Al-4V ELI,Metal,Titanium Alloy,Material Name: Ti-6Al-4V ELI. Category: Metal. Subcategory: Titanium Alloy. Formula: TiAlV. Density: 4.43 g/cm3. Melting Point: 1941.0 °C. Thermal Conductivity: 7.4 W/m·K. Specific Heat: 526.0. Thermal Expansion: 8.6. Yield Strength: 880.0 MPa. Tensile Strength: 950.0 MPa. Youngs Modulus: 103.0 GPa. Hardness Vickers: 334.0. Processing Temp Min C: 800.0. Processing Temp Max C: 1050.0. Fracture Toughness: 6.0.
Copper (pure),Metal,Pure Element,Material Name: Copper (pure). Category: Metal. Subcategory: Pure Element. Formula: Cu. Density: 8.96 g/cm3. Melting Point: 1358.0 °C. Thermal Conductivity: 401.0 W/m·K. Specific Heat: 385.0. Thermal Expansion: 16.5. Yield Strength: 70.0 MPa. Tensile Strength: 220.0 MPa. Youngs Modulus: 120.0 GPa. Hardness Vickers: 35.0. Processing Temp Min C: 300.0. Processing Temp Max C: 400.0. Fracture Toughness: 30.0.
Brass (70-30),Metal,Brass,Material Name: Brass (70-30). Category: Metal. Subcategory: Brass. Formula: CuZn. Density: 8.5 g/cm3. Melting Point: 1180.0 °C. Thermal Conductivity: 110.0 W/m·K. Specific Heat: 385.0. Thermal Expansion: 20.0. Yield Strength: 145.0 MPa. Tensile Strength: 330.0 MPa. Youngs Modulus: 97.0 GPa. Hardness Vickers: 95.0. Processing Temp Min C: 450.0. Processing Temp Max C: 550.0. Fracture Toughness: 25.0.
Aluminum Oxide Ceramic,Ceramic,Oxide,Material Name: Aluminum Oxide Ceramic. Category: Ceramic. Subcategory: Oxide. Formula: Al2O3. Density: 3.96 g/cm3. Melting Point: 2327.0 °C. Thermal Conductivity: 30.0 W/m·K. Specific Heat: 880.0. Thermal Expansion: 8.1. Tensile Strength: 400.0 MPa. Youngs Modulus: 393.0 GPa. Hardness Vickers: 1900.0. Processing Temp Min C: 1500.0. Processing Temp Max C: 1750.0. Crystallinity: 100.0. Fracture Toughness: 6.0.
Silicon Carbide,Ceramic,Non-Oxide,Material Name: Silicon Carbide. Category: Ceramic. Subcategory: Non-Oxide. Formula: SiC. Density: 3.21 g/cm3. Melting Point: 2700.0 °C. Thermal Conductivity: 120.0 W/m·K. Specific Heat: 840.0. Thermal Expansion: 4.3. Tensile Strength: 600.0 MPa. Youngs Modulus: 410.0 GPa. Hardness Vickers: 2500.0. Processing Temp Min C: 1600.0. Processing Temp Max C: 1850.0. Crystallinity: 100.0. Fracture Toughness: 3.5.
Silicon Nitride,Ceramic,Non-Oxide,Material Name: Silicon Nitride. Category: Ceramic. Subcategory: Non-Oxide. Formula: Si3N4. Density: 3.18 g/cm3. Melting Point: 2173.0 °C. Thermal Conductivity: 30.0 W/m·K. Specific Heat: 795.0. Thermal Expansion: 3.0. Tensile Strength: 900.0 MPa. Youngs Modulus: 330.0 GPa. Hardness Vickers: 1600.0. Processing Temp Min C: 1500.0. Processing Temp Max C: 1700.0. Crystallinity: 100.0. Fracture Toughness: 5.0.
Zirconia Toughened Ceramic,Ceramic,Oxide,Material Name: Zirconia Toughened Ceramic. Category: Ceramic. Subcategory: Oxide. Formula: ZrO2. Density: 6.1 g/cm3. Melting Point: 2973.0 °C. Thermal Conductivity: 2.0 W/m·K. Specific Heat: 450.0. Thermal Expansion: 10.0. Tensile Strength: 1000.0 MPa. Youngs Modulus: 250.0 GPa. Hardness Vickers: 1200.0. Processing Temp Min C: 1400.0. Processing Temp Max C: 1600.0. Crystallinity: 95.0. Fracture Toughness: 600.0.
Boron Carbide,Ceramic,Non-Oxide,Material Name: Boron Carbide. Category: Ceramic. Subcategory: Non-Oxide. Formula: B4C. Density: 2.51 g/cm3. Melting Point: 2723.0 °C. Thermal Conductivity: 29.0 W/m·K. Specific Heat: 1350.0. Thermal Expansion: 4.5. Tensile Strength: 400.0 MPa. Youngs Modulus: 450.0 GPa. Hardness Vickers: 2800.0. Processing Temp Min C: 1500.0. Processing Temp Max C: 1700.0. Crystallinity: 100.0. Fracture Toughness: 3.0.
Glass (Soda-Lime),Ceramic,Silicate,Material Name: Glass (Soda-Lime). Category: Ceramic. Subcategory: Silicate. Formula: SiO2Na. Density: 2.52 g/cm3. Melting Point: 1973.0 °C. Thermal Conductivity: 1.0 W/m·K. Specific Heat: 840.0. Thermal Expansion: 9.0. Tensile Strength: 60.0 MPa. Youngs Modulus: 72.0 GPa. Hardness Vickers: 600.0. Processing Temp Min C: 400.0. Processing Temp Max C: 600.0. Crystallinity: 0.0. Fracture Toughness: 1.5.
Glass Ceramic (Cordierite),Ceramic,Glass-Ceramic,Material Name: Glass Ceramic (Cordierite). Category: Ceramic. Subcategory: Glass-Ceramic. Formula: MgAl2Si5O18. Density: 2.3 g/cm3. Melting Point: 1773.0 °C. Thermal Conductivity: 1.3 W/m·K. Specific Heat: 840.0. Thermal Expansion: 1.3. Tensile Strength: 100.0 MPa. Youngs Modulus: 110.0 GPa. Hardness Vickers: 650.0. Processing Temp Min C: 800.0. Processing Temp Max C: 1000.0. Crystallinity: 95.0. Fracture Toughness: 2.0.
Cast Iron (Ductile),Metal,Cast Iron,Material Name: Cast Iron (Ductile). Category: Metal. Subcategory: Cast Iron. Formula: Fe. Density: 7.14 g/cm3. Melting Point: 1473.0 °C. Thermal Conductivity: 42.0 W/m·K. Specific Heat: 450.0. Thermal Expansion: 12.1. Yield Strength: 275.0 MPa. Tensile Strength: 415.0 MPa. Youngs Modulus: 169.0 GPa. Hardness Vickers: 160.0. Processing Temp Min C: 850.0. Processing Temp Max C: 1050.0. Fracture Toughness: 6.0.
Mild Steel AISI 1020,Metal,Carbon Steel,Material Name: Mild Steel AISI 1020. Category: Metal. Subcategory: Carbon Steel. Formula: Fe. Density: 7.85 g/cm3. Melting Point: 1790.0 °C. Thermal Conductivity: 50.0 W/m·K. Specific Heat: 476.0. Thermal Expansion: 12.2. Yield Strength: 210.0 MPa. Tensile Strength: 380.0 MPa. Youngs Modulus: 200.0 GPa. Hardness Vickers: 95.0. Processing Temp Min C: 800.0. Processing Temp Max C: 1000.0. Fracture Toughness: 25.0.
Medium Carbon Steel AISI 1050,Metal,Carbon Steel,Material Name: Medium Carbon Steel AISI 1050. Category: Metal. Subcategory: Carbon Steel. Formula: Fe. Density: 7.84 g/cm3. Melting Point: 1823.0 °C. Thermal Conductivity: 49.0 W/m·K. Specific Heat: 480.0. Thermal Expansion: 12.0. Yield Strength: 310.0 MPa. Tensile Strength: 630.0 MPa. Youngs Modulus: 210.0 GPa. Hardness Vickers: 167.0. Processing Temp Min C: 900.0. Processing Temp Max C: 1100.0. Fracture Toughness: 50.0.
Magnesium Alloy AZ91D,Metal,Magnesium Alloy,Material Name: Magnesium Alloy AZ91D. Category: Metal. Subcategory: Magnesium Alloy. Formula: MgAl. Density: 1.81 g/cm3. Melting Point: 868.0 °C. Thermal Conductivity: 51.0 W/m·K. Specific Heat: 1025.0. Thermal Expansion: 25.0. Yield Strength: 160.0 MPa. Tensile Strength: 230.0 MPa. Youngs Modulus: 45.0 GPa. Hardness Vickers: 80.0. Processing Temp Min C: 450.0. Processing Temp Max C: 550.0. Fracture Toughness: 3.5.
